sold_price,sqft,baths,price_reduced_amount,Stdev,Mean,waterfront,garage,cost_of_living_housing,total_population_category,cost_of_living_grocery
2.547453180483902,2.116149661334103,2.0,0.0,55875.0,91146.75,0,2.0,1,2,1
2.5169517704187476,2.1086433659070596,2.0,2.1979688386872795,22159.0,32307.0,0,1.0,1,2,1
2.556024721719396,2.155241690146738,2.0,0.0,37301.4,54429.2,0,0.0,1,2,1
2.4917298134217796,2.1123352415059933,2.0,2.313039352423886,22159.0,32307.0,0,0.0,1,2,1
2.5678420857203164,2.139868011014421,2.0,2.2531209847743163,43379.0,51585.0,0,0.0,1,2,1
2.5726670138524446,2.115986597024682,2.0,0.0,55875.0,91146.75,0,0.0,1,2,1
2.6003492269397652,2.1452062093277746,2.0,2.253141992408963,55875.0,91146.75,0,0.0,1,2,1
2.48508300987998,2.134382067413362,2.0,0.0,36410.5,68415.5,0,0.0,1,2,1
2.56315280389369,2.1282328388441845,2.0,0.0,37301.4,54429.2,0,2.0,1,2,1
2.6361682659723726,2.209781638184518,3.0,0.0,35790.333333333336,34417.166666666664,0,0.0,1,2,1
2.5532974946595286,2.1238506452602817,2.0,0.0,55875.0,91146.75,0,0.0,1,2,1
2.558600813819311,2.1353390986549807,1.0,0.0,37301.4,54429.2,0,0.0,1,2,1
2.460822268062392,2.1125039235077128,1.0,0.0,37761.97916666666,53676.48958333333,0,0.0,1,2,1
2.613324109517734,2.159432931766962,2.0,2.3234107621942104,55875.0,91146.75,0,2.0,1,2,1
2.5570873533924794,2.129318786658012,2.0,0.0,47396.0,49006.5,0,0.0,1,2,1
2.5787581879384502,2.1662302940684532,2.0,0.0,36410.5,68415.5,0,2.0,1,2,1
2.5510390186402376,2.1364223428285634,2.0,0.0,36410.5,68415.5,0,2.0,1,2,1
2.4299024936038958,2.062932825955494,1.0,0.0,47396.0,49006.5,0,0.0,1,2,1
2.571813777729968,2.145453759737322,2.0,2.2531209847743163,37301.4,54429.2,0,0.0,1,2,1
2.5694130964877173,2.1327907653883673,2.0,0.0,37301.4,54429.2,0,0.0,1,2,1
2.558652438006258,2.1417417768501896,2.0,0.0,36410.5,68415.5,0,2.0,1,2,1
2.5682944945824913,2.2013158381130795,3.0,2.3890872825709972,36410.5,68415.5,0,0.0,1,2,1
2.544438676214117,2.1078544392506733,1.0,0.0,37301.4,54429.2,0,0.0,1,2,1
2.5645922003835384,2.121007782628919,2.0,0.0,55875.0,91146.75,0,0.0,1,2,1
2.5352111155194104,2.0884535488481344,2.0,0.0,22159.0,32307.0,0,0.0,1,2,1
2.4891398337304267,2.0996328668112922,1.0,0.0,22159.0,32307.0,0,1.0,1,2,1
2.531408786275378,2.1704436604573605,2.0,0.0,47396.0,49006.5,0,0.0,1,2,1
2.5959274336964664,2.135746617737867,2.0,0.0,55875.0,91146.75,0,2.0,1,2,1
2.613324109517734,2.2029129161604684,3.0,2.36543404545353,55875.0,91146.75,0,0.0,1,2,1
2.526762946426977,2.1155778514199564,1.0,2.3000563597136088,37301.4,54429.2,0,0.0,1,2,1
2.5234116973260523,2.0907411873032014,2.0,0.0,55875.0,91146.75,0,0.0,1,2,1
2.6271787703047464,2.2415891730754063,4.0,0.0,47396.0,49006.5,0,2.0,1,2,1
2.6156482775346257,2.176980633609261,2.0,0.0,55875.0,91146.75,1,2.0,1,2,1
2.541228329571344,2.13608502057231,2.0,1.7254630513334037,36410.5,68415.5,0,0.0,1,2,1
2.6066231031218963,2.1558589033661346,2.0,0.0,55875.0,91146.75,0,2.0,1,2,1
2.607013070390419,2.1588910443680636,2.0,0.0,55875.0,91146.75,0,0.0,1,2,1
2.56363582933001,2.115904972063651,2.0,0.0,37301.4,54429.2,0,0.0,1,2,1
2.63865045975338,2.1998017740341127,4.0,2.2551990897110383,55875.0,91146.75,0,2.0,1,2,1
2.495759820891769,2.1800320712410874,2.0,0.0,36410.5,68415.5,0,0.0,1,2,1
2.6290792285747764,2.2080918524847233,4.0,2.3234107621942104,55875.0,91146.75,0,2.0,1,2,1
2.5532418846364395,2.1179272289544824,2.0,0.0,37301.4,54429.2,0,0.0,1,2,1
2.5378703231331703,2.1650086701174494,2.0,0.0,43379.0,51585.0,0,0.0,1,2,1
2.5534457639178783,2.1634609679687555,3.0,0.0,47396.0,49006.5,0,0.0,1,2,1
2.5696347219638778,2.0956714746807417,2.0,0.0,36410.5,68415.5,0,0.0,1,2,1
2.5861385010981603,2.1459471123541936,2.0,2.3234107621942104,37301.4,54429.2,0,0.0,1,2,1
2.5641156142347974,2.098679831078209,2.0,0.0,38611.333333333336,35671.666666666664,0,0.0,1,2,1
2.62412295331345,2.1564724676880376,2.0,2.328177375852995,49252.0,67466.0,0,2.0,1,2,1
2.5825451877824173,2.141549479858945,2.0,0.0,49252.0,67466.0,0,0.0,1,2,1
2.5645922003835384,2.1135105129747083,2.0,2.2509964439314443,38611.333333333336,35671.666666666664,0,0.0,1,2,1
2.7062161977774024,2.2274455356609293,5.0,0.0,72709.0,105338.75,0,3.0,1,2,1
2.5895564223493652,2.1280872043879997,3.0,0.0,48270.13148148148,61887.30185185185,0,2.0,1,2,1
2.5378703231331703,2.0316575757121003,1.0,2.3234107621942104,38611.333333333336,35671.666666666664,0,0.0,1,2,1
2.4891398337304267,2.162100566984116,2.0,0.0,38611.333333333336,35671.666666666664,0,3.0,1,2,1
2.5504632044910513,2.0820735703874895,1.0,2.2294012669472845,38611.333333333336,35671.666666666664,0,0.0,1,2,1
2.558652438006258,2.1083810284369293,2.0,0.0,26514.0,33569.0,0,2.0,1,2,1
2.651877243116559,2.1680359357696948,2.0,0.0,56426.5,85994.0,0,0.0,1,2,1
2.5635876733065714,2.1362875431745425,2.0,0.0,48270.13148148148,61887.30185185185,0,0.0,1,2,1
2.6943101623530405,2.2216810786738894,4.0,0.0,56426.5,85994.0,0,0.0,1,2,1
2.600320664362325,2.121551448553582,2.0,0.0,72709.0,105338.75,0,2.0,1,2,1
2.656995011291491,2.244231056002171,3.0,2.422900724860042,42935.75,55223.5,0,0.0,1,2,1
2.634822941438309,2.1922986628641796,3.0,2.2531209847743163,48270.13148148148,61887.30185185185,0,2.0,1,2,1
2.631200390412527,2.1700056434126114,3.0,2.385575907933581,72709.0,105338.75,0,2.0,1,2,1
2.313039352423886,2.1550163361850214,2.0,0.0,35473.0,39345.0,0,2.0,1,2,1
2.598906445095949,2.117686558332254,2.0,0.0,58987.0,81944.0,0,2.0,1,2,1
2.4897955904836016,2.045702691419236,1.0,0.0,38611.333333333336,35671.666666666664,0,0.0,1,2,1
2.641059245567457,2.2010292123403845,2.0,2.3243847159300817,72709.0,105338.75,0,2.0,1,2,1
2.5885484767473366,2.131316663550902,2.0,2.3234107621942104,49252.0,67466.0,0,0.0,1,2,1
2.627945400354192,2.129390790289494,2.0,0.0,42935.75,55223.5,0,0.0,1,2,1
2.4671957074906437,2.049334012932915,1.0,0.0,38611.333333333336,35671.666666666664,0,0.0,1,2,1
2.5705143798964167,2.1315285083394886,2.0,0.0,48270.13148148148,61887.30185185185,0,1.0,1,2,1
2.5291223970813586,2.0808423085664507,2.0,2.3234107621942104,35473.0,39345.0,0,0.0,1,2,1
2.5932906686924304,2.125655021547276,2.0,0.0,48270.13148148148,61887.30185185185,0,2.0,1,2,1
2.5895564223493652,2.1328604519414474,2.0,0.0,42935.75,55223.5,0,0.0,1,2,1
2.6167813037746033,2.2382365311676744,2.1284722222222223,2.450717102575204,37802.6,43955.8,0,0.0,1,2,1
2.599775720997875,2.1755585879396255,2.0,2.3013164699169826,58987.0,81944.0,0,0.0,1,2,1
2.4505012354379883,2.1119970843916103,1.0,2.3234107621942104,37802.6,43955.8,0,0.0,1,2,1
2.503504035202842,2.0678439588232274,2.0,0.0,35473.0,39345.0,0,0.0,1,2,1
2.6623119173009995,2.2158340257493316,4.0,0.0,49252.0,67466.0,0,3.0,1,2,1
2.62963905918433,2.180605145122001,3.0,0.0,48270.13148148148,61887.30185185185,0,2.0,1,2,1
2.7050639714136246,2.208956917115876,5.0,0.0,56426.5,85994.0,0,2.0,1,2,1
2.6121316607974876,2.10820578302853,2.0,0.0,56426.5,85994.0,0,0.0,1,2,1
2.4793181319630513,2.051838053775534,1.0,0.0,35473.0,39345.0,0,0.0,1,2,1
2.503504035202842,2.120851941063862,2.0,0.0,38611.333333333336,35671.666666666664,0,2.0,1,2,1
2.6394738006175174,2.160133168255577,2.0,0.0,37537.0,62737.0,0,2.0,3,2,2
2.7082382157900957,2.2397947160664518,5.0,2.469775946198685,62803.25,105776.5,1,3.0,3,3,2
2.6344780183306873,2.1515760614389348,2.0,2.2551990897110383,53903.4,80728.2,0,2.0,3,3,2
2.5806771513187536,2.013056087870876,1.0,2.2531209847743163,50137.6,66311.4,0,0.0,3,3,2
2.6242035762783527,2.1238506452602817,2.0,0.0,35382.4,49233.2,0,0.0,3,3,2
2.575166775950936,2.0265087481035677,1.0,2.3013164699169826,49867.0,91682.0,0,0.0,3,3,2
2.668787369021169,2.1213963969907446,1.0,0.0,70051.0,72305.0,0,1.0,3,3,2
2.7309214070366266,2.1943141657435934,3.0,0.0,41889.5,58828.0,0,2.0,3,3,2
2.651208592109637,2.158127604278178,2.0,2.368410894537015,35093.0,46121.0,0,2.0,3,3,2
2.6290792285747764,2.0922741087736543,2.0,0.0,49867.0,91682.0,0,2.0,3,3,2
2.6982350567662636,2.186206023617281,3.0,0.0,50137.6,66311.4,0,2.0,3,3,2
2.6703101418318638,2.2028424764010843,4.0,0.0,38687.0,54856.0,0,3.0,3,3,2
2.6474758913060517,2.105182426343464,2.0,0.0,65457.0,120215.4,0,2.0,3,3,2
2.6477597376813042,2.129318786658012,2.0,0.0,65457.0,120215.4,0,2.0,3,3,2
2.6200713626555014,2.0861174242046356,2.0,2.368410894537015,51054.25,77094.5,0,2.0,3,2,2
2.6211335537754037,2.110547982852574,2.0,2.2294012669472845,47950.0,49549.0,0,0.0,3,3,2
2.6963460998059543,2.2298038039393147,4.0,0.0,62803.25,105776.5,0,3.0,3,3,2
2.682605197161322,2.201065085681054,4.0,0.0,38687.0,54856.0,0,3.0,3,3,2
2.637354679646146,2.160561737734476,2.0,0.0,42144.5037414966,56458.80598639456,0,0.0,3,3,2
2.6756055765334965,2.19028184058011,3.0,2.4093450282818294,41889.5,58828.0,0,2.0,3,3,2
2.671305787673049,2.163044291047809,3.0,0.0,47982.5,72991.0,0,2.0,3,3,2
2.6380139151552804,2.111147028091894,3.0,2.3225250177671137,59248.142857142855,85830.0,0,2.0,3,3,2
2.6635037841535523,2.1595409695123475,3.0,0.0,62803.25,105776.5,0,2.0,3,3,2
2.6828139064047862,2.1391484534254914,2.0,0.0,70051.0,72305.0,0,2.0,3,3,2
2.598906445095949,2.0703450318853425,1.0,2.3558304641281165,65457.0,120215.4,0,0.0,3,3,2
2.541228329571344,2.2384571800034894,2.0,0.0,35093.0,46121.0,0,1.0,3,3,2
2.6023198157690817,2.082184828309905,2.0,2.1519252521271723,27870.0,32508.2,0,0.0,3,3,2
2.5726670138524446,2.03389351856218,1.0,0.0,28911.571428571428,31217.14285714286,0,0.0,3,3,2
2.639953409696805,2.161678347623898,2.0,0.0,38687.0,54856.0,0,3.0,3,3,2
2.6531945177344887,2.1184069576594053,2.0,0.0,29266.0,45602.0,0,2.0,3,3,2
2.60355753849841,2.0484369434843095,1.0,0.0,60820.4,94018.4,0,1.0,3,2,2
2.6211335537754037,2.122936891955039,2.0,0.0,45179.66666666666,76060.66666666667,0,2.0,3,2,2
2.6221793582274318,2.1163937951035634,2.0,0.0,38435.5,49943.0,0,1.0,3,3,2
2.643368743623046,2.1196758458913854,2.0,2.3234107621942104,42144.5037414966,56458.80598639456,0,2.0,3,3,2
2.6299912235147698,2.106348388653089,2.0,0.0,40488.66666666666,52654.0,0,0.0,3,3,2
2.7014745737497345,2.19907263274692,5.0,0.0,29266.0,45602.0,0,2.0,3,3,2
2.6765233691142827,2.2179732846747413,5.0,2.2531209847743163,42144.5037414966,56458.80598639456,0,3.0,3,3,2
2.630009707485597,2.128160046535533,2.0,0.0,35382.4,49233.2,0,0.0,3,3,2
2.6221585995707706,2.0859025770350583,2.0,0.0,47950.0,49549.0,0,0.0,3,3,2
2.5806771513187536,2.118963944175767,2.0,0.0,43700.6,61242.0,0,0.0,3,3,2
2.686620912466892,2.162521066063999,0.0,0.0,59248.142857142855,85830.0,0,3.0,3,3,2
2.64985059515512,2.1458855702260258,3.0,0.0,39527.0,47704.8,0,2.0,4,3,2
2.6418380272022777,2.081739125096099,3.0,0.0,56681.8,72350.8,0,1.0,4,3,2
2.6436706990153382,2.087185434232193,2.0,0.0,42119.6,58615.0,0,1.0,4,3,2
2.6495756090185303,2.14250746521777,3.0,0.0,47954.5,68099.5,0,2.0,4,3,2
2.7005442450808035,2.134724859313987,2.0,0.0,68046.0,117240.0,0,2.0,4,3,2
2.6426077931894945,2.099062044221883,2.0,0.0,51321.5,90921.5,0,2.0,4,3,2
2.614029711346429,2.073394817585529,2.0,0.0,49485.0,75333.25,0,2.0,4,2,2
2.6236168698679947,2.069351287081033,2.0,0.0,31804.33333333333,41356.333333333336,0,1.0,4,3,2
2.6144960919459708,2.0832913063318936,1.0,0.0,42119.6,58615.0,0,1.0,4,3,2
2.6267921604030136,2.070221294694939,1.0,2.3558304641281165,42119.6,58615.0,0,1.0,4,3,2
2.6344780183306873,2.0997277143459883,1.0,0.0,42119.6,58615.0,0,2.0,4,3,2
2.6436706990153382,2.0939859450838263,2.0,2.3013164699169826,49485.0,75333.25,0,2.0,4,2,2
2.6477738980702696,2.1240021804627016,2.0,0.0,47954.5,68099.5,0,2.0,4,3,2
2.6887640083383975,2.2114753287399735,4.0,0.0,54382.5,85262.0,0,3.0,4,3,2
2.651877243116559,2.1251318896353983,2.0,0.0,39586.5,66848.25,0,2.0,4,3,2
2.6792007124895014,2.103363835503938,2.0,0.0,68046.0,117240.0,0,2.0,4,3,2
2.6617420654345145,2.160186836709045,3.0,0.0,43287.0,59286.25,0,2.0,4,3,2
2.657607566478811,2.1645467964901335,3.0,2.323420554574284,54382.5,85262.0,0,2.0,4,3,2
2.651877243116559,2.062403181964502,1.0,2.4093450282818294,68046.0,117240.0,0,1.0,4,3,2
2.660002047139007,2.0856873112238503,2.0,2.3234107621942104,56681.8,72350.8,0,2.0,4,3,2
2.6271787703047464,2.114259334453176,2.0,0.0,40070.0,56777.0,0,2.0,4,3,2
2.6430654087844414,2.1124196154711585,2.0,0.0,49719.0,77553.0,0,2.0,4,3,2
2.630927484335126,2.0790266416427854,2.0,0.0,41388.0,61611.0,0,2.0,4,3,2
2.6605755656861567,2.121085618436288,3.0,0.0,38588.0,45255.0,0,2.0,4,3,2
2.6783205967159396,2.170346485042967,4.0,2.5045868657586117,81507.0,158746.0,0,3.0,4,3,2
2.6232092586766624,2.107678339122222,2.0,0.0,39586.5,66848.25,0,2.0,4,3,2
2.5959274336964664,2.0318311119735313,1.0,0.0,40667.75,48424.0,0,0.0,4,3,2
2.6409023892785153,2.0842777709214304,2.0,0.0,39586.5,66848.25,0,2.0,4,3,2
2.6394738006175174,2.0916635031222883,2.0,0.0,37867.0,47017.0,0,2.0,4,3,2
2.633957278974644,2.094285281001485,2.0,2.368410894537015,49485.0,75333.25,0,2.0,4,2,2
2.680498669900132,2.150991463655672,1.0,0.0,68046.0,117240.0,0,2.0,4,3,2
2.647047824819556,2.1372275465936195,2.0,2.441831758703794,47954.5,68099.5,0,2.0,4,3,2
2.6560028616684295,2.11920177024789,2.0,2.341107991445833,42119.6,58615.0,0,2.0,4,3,2
2.6514768672499263,2.140582684095505,2.0,2.3890872825709972,54382.5,85262.0,0,2.0,4,3,2
2.6885378101157493,2.231975307377009,3.0,0.0,54382.5,85262.0,0,3.0,4,3,2
2.6484640678019935,2.124077867502946,2.0,0.0,39586.5,66848.25,0,2.0,4,3,2
2.630378323606631,2.0834013486310865,2.0,0.0,40070.0,56777.0,0,2.0,4,3,2
2.6515437657415184,2.076714544629806,1.0,0.0,40667.75,48424.0,0,2.0,4,3,2
2.670209729738736,2.138357835491115,2.0,0.0,19125.0,29417.0,0,2.0,4,3,2
2.6432172493973547,2.1194390700821253,2.0,0.0,49719.0,77553.0,0,2.0,4,3,2
2.7204447242678187,2.2232404011802753,4.0,2.477040318598087,67401.25,83211.75,0,1.0,2,3,2
2.6466817782276704,2.145330057647603,2.0,2.3890918678842894,51381.51060606061,69305.14924242425,0,0.0,2,3,2
2.6402712413808804,2.0534294646538025,1.0,2.3886274828987015,52978.0,81465.0,0,1.0,2,3,2
2.656995011291491,2.188427408980294,3.0,2.4097037290987333,72878.0,98631.0,0,2.0,2,3,2
2.668787369021169,2.211249016358592,3.0,2.368410894537015,43703.75,55643.5,0,2.0,2,3,2
2.6471908216122615,2.1103762153464634,2.0,0.0,53889.66666666666,59766.66666666666,0,1.0,2,3,2
2.7106238802986886,2.2086915477170286,4.0,0.0,66329.0,84194.0,0,2.0,2,3,2
2.6242237170039373,2.037746505722867,1.0,2.313039352423886,34627.6,51442.2,0,0.0,2,3,2
2.644864965901993,2.147837186585945,3.0,2.3890872825709972,35493.666666666664,59408.0,0,2.0,2,3,2
2.6508717054155544,2.1296065089232386,2.0,0.0,34627.6,51442.2,0,2.0,2,3,2
2.6791132416155232,2.1871993485858647,3.0,2.36235025329959,51381.51060606061,69305.14924242425,0,2.0,2,3,2
2.645892591287636,2.1373611520517013,2.0,0.0,34627.6,51442.2,0,0.0,2,3,2
2.651208592109637,2.105272561721766,2.0,2.384855714133668,54513.5,68360.0,0,1.0,2,3,2
2.6211335537754037,1.9990196811606853,1.0,0.0,55167.333333333336,64220.0,0,0.0,2,3,2
2.6351660961149217,2.0388940664353266,1.0,0.0,34627.6,51442.2,0,1.0,2,3,2
2.636688870672975,2.1535394996560555,2.0,0.0,36841.66666666666,61040.833333333336,0,1.0,2,3,2
2.682480740459682,2.1564724676880376,3.0,2.4093450282818294,52978.0,81465.0,0,2.0,2,3,2
2.724826432174179,2.216878913527871,4.0,0.0,44044.333333333336,58605.66666666666,0,2.0,2,3,2
2.6632134500898323,2.1722249667375926,2.0,2.3234107621942104,51381.51060606061,69305.14924242425,0,2.0,2,3,2
2.630009707485597,2.1411638274329157,2.0,0.0,41226.0,58409.333333333336,0,0.0,2,3,2
2.6774282601020256,2.152793140171949,3.0,2.4056695902475114,52302.8,64750.0,0,2.0,2,3,2
2.673132289134729,2.151401026199222,3.0,2.2294012669472845,52302.8,64750.0,0,0.0,2,3,2
2.6765233691142827,2.1645467964901335,3.0,0.0,51381.51060606061,69305.14924242425,0,0.0,2,3,2
2.703593249131755,2.2158340257493316,4.0,0.0,51381.51060606061,69305.14924242425,0,2.0,2,3,2
2.6531945177344887,2.0884535488481344,1.0,0.0,44044.333333333336,58605.66666666666,0,2.0,2,3,2
2.676066107779104,2.180605145122001,3.0,0.0,52978.0,81465.0,0,2.0,2,3,2
2.720897169519473,2.2258688783122937,5.0,0.0,44044.333333333336,58605.66666666666,0,2.0,2,3,2
2.6786740912917595,2.13403816125328,3.0,0.0,60221.66666666666,82241.33333333333,0,2.0,2,3,2
2.636185123122503,2.1185663919172426,2.0,2.2531209847743163,51381.51060606061,69305.14924242425,0,2.0,2,3,2
2.6666997365033063,2.210338545141025,3.0,2.4093450282818294,49423.66666666666,88281.33333333333,0,2.0,2,3,2
2.5928147961099333,2.107325277958658,2.0,2.2531209847743163,37739.25,46079.25,0,0.0,3,1,1
2.5895564223493652,2.0872916690681738,2.0,2.2509964439314443,52522.0,65980.0,0,1.0,3,1,1
2.6211335537754037,2.206406727534443,3.0,2.313039352423886,52522.0,65980.0,0,0.0,3,1,1
2.600320664362325,2.131739930871227,3.0,2.2531209847743163,52522.0,65980.0,0,0.0,3,1,1
2.6221793582274318,2.1981905753863327,2.0,0.0,52522.0,65980.0,0,0.0,3,1,1
2.606361889900925,2.1842744106952074,2.0,0.0,0.0,0.0,0,2.0,3,1,1
2.653519757548269,2.26408058476292,6.0,2.4056695902475114,0.0,0.0,0,0.0,3,1,1
2.6402712413808804,2.2248316070469967,3.0,0.0,0.0,0.0,0,3.0,3,1,1
2.5861385010981603,2.121085618436288,1.0,0.0,52522.0,65980.0,0,1.0,3,1,1
2.6247252943159785,2.2441387696714585,2.0,0.0,30022.666666666668,35502.666666666664,0,0.0,3,1,1
2.590220391982479,2.24227414570823,2.1284722222222223,2.3890872825709972,32636.6,37395.2,0,0.0,3,1,1
2.636185123122503,2.2192646557718545,3.0,0.0,30022.666666666668,35502.666666666664,0,0.0,3,1,1
2.6017625060090213,2.1402584341738335,2.0,0.0,52522.0,65980.0,0,0.0,3,1,1
2.6121316607974876,2.150991463655672,2.0,0.0,52522.0,65980.0,0,0.0,3,1,1
2.6221793582274318,2.1891571278679316,2.0,0.0,0.0,0.0,0,2.0,3,1,1
2.6386667018029435,2.2593022659250317,3.0,0.0,32636.6,37395.2,0,3.0,3,1,1
2.5912046460526774,2.134793284587648,2.0,0.0,52522.0,65980.0,0,2.0,3,1,1
2.6221793582274318,2.22398240228027,3.0,2.388632093371381,32636.6,37395.2,0,0.0,3,1,1
2.6058364664333875,2.131457940406689,2.0,0.0,0.0,0.0,0,1.0,3,1,1
2.6262080578326072,2.1968527165893152,3.0,0.0,32636.6,37395.2,0,3.0,3,1,1
2.7079057205381436,2.431578774225651,2.1284722222222223,0.0,30022.666666666668,35502.666666666664,0,0.0,3,1,1
2.610918042212423,2.1876923686279235,3.0,0.0,32636.6,37395.2,0,0.0,3,1,1
2.6242237170039373,2.156138246107187,3.0,0.0,37739.25,46079.25,0,0.0,3,1,1
2.6617420654345145,2.2551990897110383,6.0,0.0,0.0,0.0,0,0.0,3,1,1
2.6167813037746033,2.2418968339971963,4.0,0.0,52522.0,65980.0,0,0.0,3,1,1
2.610918042212423,2.145577315925701,2.0,0.0,0.0,0.0,0,1.0,3,1,1
2.6281357025573913,2.177435155447476,3.0,0.0,32636.6,37395.2,0,0.0,3,1,1
2.600705266676489,2.0731538725284837,1.0,2.335522283668224,0.0,0.0,0,0.0,3,1,1
2.664542788285374,2.3014415269931354,7.0,0.0,0.0,0.0,0,3.0,3,1,1
2.611648794346111,2.1687790156405997,3.0,2.425597630354696,32636.6,37395.2,0,0.0,3,1,1
2.6126111404785974,2.286837689109184,1.0,0.0,37739.25,46079.25,0,0.0,3,1,1
2.6071425690719345,2.220862645899289,2.0,0.0,37739.25,46079.25,0,2.0,3,1,1
2.671305787673049,2.2396013164077413,4.0,1.7254630513334037,30022.666666666668,35502.666666666664,0,0.0,3,1,1
2.587868343379808,2.1187255896390536,2.0,0.0,0.0,0.0,0,1.0,3,1,1
2.633957278974644,2.223811671031797,6.0,0.0,32636.6,37395.2,0,0.0,3,1,1
2.6084242962897357,2.2033695628198258,3.0,0.0,52522.0,65980.0,0,2.0,3,1,1
2.6232092586766624,2.123242345467134,2.0,0.0,49748.0,74928.0,0,2.0,1,2,2
2.5611376005657616,2.075776091887041,2.0,0.0,42846.0,51083.0,0,0.0,1,2,2
2.5606875484472273,2.075776091887041,2.0,0.0,42846.0,51083.0,0,0.0,1,2,2
2.6200713626555014,2.1528507429054087,3.0,0.0,42846.0,51083.0,0,0.0,1,2,2
2.637022604769401,2.163148618254858,3.0,2.2531209847743163,49748.0,74928.0,0,2.0,1,2,2
2.597432944578047,2.0837308207951946,2.0,0.0,49748.0,74928.0,0,1.0,1,2,2
2.6167813037746033,2.1564724676880376,2.0,0.0,42846.0,51083.0,0,2.0,1,2,2
2.6336078565795944,2.129246734211573,2.0,0.0,49748.0,74928.0,0,2.0,1,2,2
2.626985742465941,2.1358821089630644,3.0,2.3629759223797047,42846.0,51083.0,0,1.0,1,2,2
2.6156482775346257,2.171024784706663,3.0,2.388632093371381,42846.0,51083.0,0,1.0,1,2,2
2.604505074628267,2.135202909066315,3.0,2.3234107621942104,49748.0,74928.0,0,1.0,1,2,2
2.6320125159453975,2.1650086701174494,4.0,0.0,42846.0,51083.0,0,2.0,1,2,2
2.680498669900132,2.1498716149798116,3.0,0.0,42846.0,51083.0,1,0.0,1,2,2
2.6017625060090213,2.0790266416427854,1.0,0.0,49748.0,74928.0,0,0.0,1,2,2
2.618992280160462,2.142824862147179,3.0,2.3234107621942104,49748.0,74928.0,0,2.0,1,2,2
2.6071425690719345,2.157303339679441,2.0,0.0,42846.0,51083.0,0,0.0,1,2,2
2.597403152499694,2.139868011014421,2.0,2.2551990897110383,49748.0,74928.0,0,1.0,1,2,2
2.597432944578047,2.0927803669413247,2.0,2.067970345786057,42846.0,51083.0,0,0.0,1,2,2
2.6071425690719345,2.136017426662506,2.0,0.0,49748.0,74928.0,0,1.0,1,2,2
2.6144960919459708,2.167886672046365,2.0,0.0,42846.0,51083.0,0,1.0,1,2,2
2.5726670138524446,2.096748451375384,2.0,0.0,49748.0,74928.0,0,1.0,1,2,2
2.556024721719396,2.119833406392509,3.0,0.0,42846.0,51083.0,0,0.0,1,2,2
2.632726245905294,2.201065085681054,3.0,0.0,49748.0,74928.0,0,0.0,1,2,2
2.503504035202842,2.065415188141318,1.0,0.0,42846.0,51083.0,0,0.0,1,2,2
2.6484640678019935,2.1806490940283316,3.0,0.0,49748.0,74928.0,0,2.0,1,2,2
2.594699057227201,2.149277357025821,3.0,0.0,49748.0,74928.0,0,1.0,1,2,2
2.586835577337044,2.1060804301011156,3.0,0.0,49748.0,74928.0,0,0.0,1,2,2
2.6491609701786154,2.234176047987479,4.0,0.0,49748.0,74928.0,0,4.0,1,2,2
2.597432944578047,2.168333813675979,2.0,2.3234107621942104,49748.0,74928.0,0,0.0,1,2,2
2.6058364664333875,2.201172628285223,2.1284722222222223,0.0,42846.0,51083.0,0,0.0,1,2,2
2.597432944578047,2.0660594438130584,2.0,2.2531209847743163,49748.0,74928.0,0,0.0,1,2,2
2.6084242962897357,2.1376278565089795,2.0,0.0,49748.0,74928.0,0,1.0,1,2,2
2.558600813819311,2.075776091887041,2.0,0.0,42846.0,51083.0,0,0.0,1,2,2
2.6402712413808804,2.1485597535637297,2.0,0.0,49748.0,74928.0,0,2.0,1,2,2
2.6066231031218963,2.1629398581838375,3.0,2.441590400917907,49748.0,74928.0,0,0.0,1,2,2
2.591529667042611,2.075776091887041,1.0,0.0,42846.0,51083.0,0,0.0,1,2,2
2.658815756747948,2.18907630849481,3.0,0.0,42846.0,51083.0,0,2.0,1,2,2
2.610918042212423,2.0909468159488074,2.0,0.0,42846.0,51083.0,1,1.0,1,2,2
2.6411461415241653,2.2159266697844444,3.0,0.0,49748.0,74928.0,0,2.0,1,2,2
2.630009707485597,2.1680359357696948,3.0,0.0,42846.0,51083.0,0,2.0,1,2,2
2.632726245905294,2.1392140712655263,2.0,2.4018232728432043,49748.0,74928.0,0,2.0,1,2,2
2.6055722413317675,2.1426980184653157,2.0,2.2720930397111068,49748.0,74928.0,0,2.0,1,2,2
2.615648049033797,2.1565280667451785,3.0,0.0,42846.0,51083.0,0,1.0,1,2,2
2.55075168420188,2.082850040397514,2.0,0.0,42846.0,51083.0,0,0.0,1,2,2
2.6336078565795944,2.1411638274329157,2.0,0.0,51124.0,111116.0,0,2.0,2,2,2
2.6463281693738856,2.178472916121151,3.0,0.0,65887.5,109122.25,0,2.0,2,2,2
2.5847231873433363,2.0745918064405413,2.0,0.0,31642.0,43979.0,0,0.0,2,2,2
2.607116688861246,2.1390827946893953,3.0,0.0,45003.0,55488.2,0,0.0,2,2,2
2.6344780183306873,2.100200719217843,2.0,0.0,39873.25,42041.0,1,0.0,2,2,2
2.5786133068540247,2.092982218491599,2.0,0.0,25741.0,36909.0,0,2.0,2,2,2
2.650533088605779,2.181262388626436,2.0,0.0,51124.0,111116.0,0,2.0,2,2,2
2.4954572698978903,2.081739125096099,2.0,2.3712877070109015,25741.0,36909.0,0,0.0,2,2,2
2.556024721719396,2.058487115516703,2.0,0.0,33405.5,24438.5,0,0.0,2,2,2
2.6221793582274318,2.1291746328870933,2.0,0.0,31642.0,43979.0,0,2.0,2,2,2
2.568068649368934,2.118884551492177,2.0,2.3234107621942104,51124.0,111116.0,0,2.0,2,2,2
2.6101794032626815,2.110547982852574,2.0,2.3234107621942104,60717.0,97317.0,0,2.0,2,2,2
2.656995011291491,2.184824052887254,3.0,2.4097037290987333,51124.0,111116.0,0,2.0,2,2,2
2.6418380272022777,2.137494588554593,3.0,0.0,45003.0,55488.2,0,2.0,2,2,2
2.6137953202144693,2.1274293715370445,2.0,0.0,65887.5,109122.25,0,2.0,2,2,2
2.636185123122503,2.145515556048674,2.0,0.0,51124.0,111116.0,0,2.0,2,2,2
2.595775069892963,2.0880324621436346,2.0,0.0,51124.0,111116.0,0,0.0,2,2,2
2.61067271365813,2.133277611304391,2.0,0.0,31642.0,43979.0,0,2.0,2,2,2
2.4836817058418035,2.0785680506642317,2.0,2.067970345786057,39873.25,42041.0,0,0.0,2,2,2
2.5077451697809687,2.0472297850184633,1.0,0.0,39873.25,42041.0,0,0.0,2,2,2
2.6672279724953287,2.2078576532452523,4.0,0.0,51124.0,111116.0,0,2.0,2,2,2
2.656995011291491,2.1967029546804206,4.0,0.0,31642.0,43979.0,0,2.0,2,2,2
2.590550022479894,2.095769820615829,2.0,0.0,45003.0,55488.2,0,0.0,2,2,2
2.5591666496574947,2.0916635031222883,3.0,2.067970345786057,45003.0,55488.2,0,0.0,2,2,2
2.637022604769401,2.174770252038942,3.0,0.0,65887.5,109122.25,0,2.0,2,2,2
2.569190778346469,2.0840593151692195,2.0,2.3224260569203197,33405.5,24438.5,0,0.0,2,2,2
2.6096825137258386,2.114010305068346,2.0,0.0,34521.5,52231.0,0,0.0,2,2,2
2.5747562286304357,2.118884551492177,3.0,2.36235025329959,45003.0,55488.2,0,0.0,2,2,2
2.606361889900925,2.1220923665811973,2.0,0.0,66644.66666666667,78082.0,0,2.0,2,2,2
2.6437459737470537,2.1545074950430894,3.0,0.0,31642.0,43979.0,0,2.0,2,2,2
2.4954572698978903,2.0237533974669626,1.0,0.0,33405.5,24438.5,0,0.0,2,2,2
2.681349609219842,2.1849504702987845,3.0,0.0,65887.5,109122.25,0,3.0,2,2,2
2.5787192706528197,2.062800647975805,2.0,0.0,34521.5,52231.0,0,0.0,2,2,2
2.605306997277914,2.143771335731591,2.0,2.4097037290987333,65887.5,109122.25,0,0.0,2,2,2
2.5931324058179257,2.1815240985093376,2.0,2.3234107621942104,25741.0,36909.0,0,0.0,2,2,2
2.6344780183306873,2.1588366992413346,2.0,2.3234107621942104,60717.0,97317.0,0,2.0,2,2,2
2.5357790160034135,2.0860100528532532,2.0,0.0,31642.0,43979.0,0,0.0,2,2,2
2.6557399168693356,2.159864407331122,3.0,0.0,31642.0,43979.0,0,2.0,2,2,2
2.592782955273753,2.0955730403529254,2.0,2.3565050293398513,45003.0,55488.2,0,2.0,2,2,2
2.469775946198685,2.0694759881221994,2.0,0.0,25741.0,36909.0,0,0.0,2,2,2
2.686620912466892,2.1783381548494978,4.0,0.0,65887.5,109122.25,0,2.0,2,2,2
2.5806771513187536,2.0779921395538157,3.0,0.0,33405.5,24438.5,1,3.0,2,2,2
2.62963905918433,2.068348655015068,2.0,0.0,46539.0,55929.0,0,2.0,1,2,1
2.591853179134731,2.08351128167073,1.0,2.3234107621942104,72425.0,102743.5,0,1.0,1,2,1
2.630927484335126,2.0856873112238503,3.0,2.379377841348507,28957.0,28185.666666666668,0,0.0,1,2,1
2.5510390186402376,2.0218796785726947,1.0,0.0,65553.5,98212.0,0,0.0,1,1,1
2.6076581354930086,2.081179464967231,1.0,0.0,83091.0,172399.5,0,0.0,1,1,1
2.617895778186638,2.172890968199372,3.0,0.0,44728.0,41438.0,0,2.0,1,2,1
2.5606875484472273,2.0380755478691652,1.0,2.36235025329959,55424.0,69990.5,0,0.0,1,2,1
2.6221793582274318,2.0751855210473504,2.0,2.1979688386872795,28957.0,28185.666666666668,0,0.0,1,2,1
2.5898559906138243,2.1184867043971445,3.0,2.3234107621942104,36374.75,46370.25,0,1.0,1,2,1
2.5759807915220994,2.107236832662461,2.0,0.0,32246.666666666668,35119.333333333336,0,0.0,1,2,1
2.6653600496191636,2.154564156174135,2.0,0.0,51130.0,59090.75,0,0.0,1,2,1
2.6167813037746033,2.113677368009935,2.0,2.362343973584372,35289.0,45612.0,0,0.0,1,2,1
2.6628768343232294,2.2635740048585644,5.0,0.0,41129.5,49861.0,0,2.0,1,2,1
2.59665415868298,1.9969386834462954,1.0,2.3243847159300817,68765.66666666667,89010.33333333333,0,0.0,1,2,1
2.5504632044910513,2.057382525273877,1.0,0.0,41519.0,60823.25,0,0.0,1,2,1
2.658815756747948,2.1597567070706685,4.0,2.2294012669472845,65553.5,98212.0,0,2.0,1,1,1
2.5912046460526774,2.106437561294978,3.0,2.36235025329959,36374.75,46370.25,0,2.0,1,2,1
2.587868343379808,2.037085591096336,1.0,0.0,46539.0,55929.0,0,1.0,1,2,1
2.738594194439581,2.2436063923190805,5.0,0.0,56322.875,78760.125,0,2.0,1,2,1
2.5806771513187536,2.120226297233107,3.0,2.2531209847743163,44728.0,41438.0,0,0.0,1,2,1
2.716941556676905,2.2624193795833927,5.0,0.0,76187.33333333333,122944.66666666669,0,2.0,1,1,1
2.5806771513187536,2.100577651859118,2.0,0.0,44728.0,41438.0,0,0.0,1,2,1
2.7186010757891275,2.2668281277740885,5.0,0.0,41519.0,60823.25,0,2.0,1,2,1
2.672286341059185,2.187856174604013,4.0,0.0,65553.5,98212.0,0,2.0,1,1,1
2.758174230047056,2.180605145122001,3.0,2.5705143798964167,68414.66666666667,101692.0,0,3.0,1,2,1
2.651877243116559,2.1614665886340974,4.0,0.0,86147.0,132078.0,0,2.0,1,2,1
2.584364848864451,2.096358048402305,2.0,0.0,46539.0,55929.0,0,0.0,1,2,1
2.671797923132022,2.1328604519414474,3.0,2.3890872825709972,68414.66666666667,101692.0,0,2.0,1,2,1
2.594388538581778,2.106437561294978,3.0,0.0,40961.4,53775.8,0,0.0,1,2,1
2.635337015765198,2.078338043940251,1.0,2.3234107621942104,57801.0,59965.66666666666,0,0.0,1,2,1
2.7181314480634406,2.180824699600015,3.0,0.0,56322.875,78760.125,0,0.0,1,2,1
2.630009707485597,2.106348388653089,2.0,2.313039352423886,56322.875,78760.125,0,2.0,1,2,1
2.706784456645506,2.2053130219052037,3.0,0.0,80535.75,132522.25,0,0.0,1,2,1
2.597432944578047,2.125655021547276,3.0,2.36235025329959,41129.5,49861.0,0,1.0,1,2,1
2.517858159328093,2.0595810311938556,1.0,0.0,44728.0,41438.0,0,0.0,1,2,1
2.651208592109637,2.1459471123541936,3.0,0.0,83091.0,172399.5,0,0.0,1,2,1
2.5895564223493652,2.123774796952828,2.0,0.0,40961.4,53775.8,0,0.0,1,2,1
2.6429893581024837,2.142761459458451,2.0,0.0,41519.0,60823.25,0,0.0,1,2,1
2.6121316607974876,2.045702691419236,1.0,0.0,56322.875,78760.125,0,0.0,1,2,1
2.589889196751413,2.106793520542012,3.0,2.2294012669472845,41129.5,49861.0,0,0.0,1,2,1
2.6949107763261217,2.223612106497025,5.0,2.412863620384798,86147.0,132078.0,0,2.0,1,2,1
2.6118906538102444,2.102720074014822,3.0,2.2531209847743163,49443.5,77827.5,0,2.0,1,2,1
2.587868343379808,2.0682226935789534,2.0,0.0,35980.8,69393.8,0,2.0,1,2,1
2.4093450282818294,2.045702691419236,1.0,0.0,35980.8,69393.8,0,0.0,1,2,1
2.5660031722705665,2.055986471729021,1.0,2.2531209847743163,42112.81111111111,61942.34814814814,0,0.0,1,2,1
2.5983208017008894,2.105722119594759,1.0,2.211765541559167,35114.0,47537.66666666666,0,3.0,1,2,1
2.6144960919459708,2.1341070319573783,3.0,2.2878580073643144,42112.81111111111,61942.34814814814,0,3.0,1,2,1
2.524325786099516,2.0832913063318936,1.0,0.0,25960.33333333333,39531.66666666666,0,1.0,1,2,1
2.5510390186402376,2.1129244781839587,1.0,2.3000563597136088,25960.33333333333,39531.66666666666,0,0.0,1,2,1
2.5601841554606546,2.0400303064427883,1.0,2.2551990897110383,25960.33333333333,39531.66666666666,0,2.0,1,2,1
2.6231888135063577,2.1224770688150874,3.0,2.232053837950823,61993.0,63516.0,0,2.0,1,2,1
2.5857873435277328,2.092982218491599,2.0,0.0,49443.5,77827.5,0,2.0,1,2,1
2.533626361910755,2.025597515002669,1.0,2.368410894537015,35980.8,69393.8,0,0.0,1,2,1
2.6002062958757652,2.0779921395538157,2.0,0.0,35980.8,69393.8,0,2.0,1,2,1
2.5747562286304357,2.068600154474629,1.0,2.3234107621942104,35114.0,47537.66666666666,0,2.0,1,2,1
2.603693701380693,2.107590181611361,2.0,0.0,42112.81111111111,61942.34814814814,0,0.0,1,2,1
2.5747562286304357,2.049334012932915,2.0,0.0,49443.5,77827.5,0,1.0,1,2,1
2.5912046460526774,2.1171228872930867,2.0,2.3327011629175196,49443.5,77827.5,0,1.0,1,2,1
2.5635876733065714,2.0164678395268,1.0,0.0,49443.5,77827.5,0,1.0,1,2,1
2.4972547982917312,2.025597515002669,1.0,0.0,25960.33333333333,39531.66666666666,0,1.0,1,2,1
2.631814901824639,2.111402748355332,3.0,0.0,58712.5,112288.5,0,2.0,1,2,1
2.569190778346469,2.0774132317064824,2.0,0.0,35980.8,69393.8,0,1.0,1,2,1
2.6232092586766624,2.2254776940424277,3.0,0.0,42112.81111111111,61942.34814814814,0,0.0,1,2,1
2.618446240567941,2.1370268207223284,3.0,0.0,49443.5,77827.5,0,2.0,1,2,1
2.5928147961099333,2.1130083926994434,2.0,0.0,35114.0,47537.66666666666,0,2.0,1,2,1
2.56363582933001,2.048286744324448,1.0,0.0,49443.5,77827.5,0,0.0,1,2,1
2.585079704100445,2.065156449177311,2.0,0.0,49443.5,77827.5,0,1.0,1,2,1
2.5795320560861352,2.146621698780348,3.0,2.4784150350364826,25960.33333333333,39531.66666666666,0,2.0,1,2,1
2.592495730436767,2.0392198523138094,2.0,0.0,35980.8,69393.8,0,0.0,1,2,1
2.594388538581778,2.0721848637784994,2.0,0.0,42112.81111111111,61942.34814814814,0,2.0,1,2,1
2.537179828457482,2.077760937681532,2.0,2.3558304641281165,35980.8,69393.8,0,0.0,1,2,1
2.6058364664333875,2.1149206115071926,3.0,2.2531209847743163,35114.0,47537.66666666666,0,2.0,1,2,1
2.591853179134731,2.034063738526142,2.0,0.0,70788.5,92324.5,0,2.0,1,2,1
2.618992280160462,2.059852865093624,1.0,2.577184505120073,35114.0,47537.66666666666,0,0.0,1,2,1
2.6281338021944434,2.122936891955039,3.0,2.2531209847743163,35114.0,47537.66666666666,0,3.0,1,2,1
2.5959274336964664,2.1083810284369293,2.0,0.0,42112.81111111111,61942.34814814814,0,2.0,1,2,1
2.5695904520815653,2.0522742867027977,1.0,2.2531209847743163,29984.5,46484.0,0,0.0,1,2,1
2.556024721719396,2.050960542607786,1.0,0.0,35114.0,47537.66666666666,0,0.0,1,2,1
2.618992280160462,2.1283055813788723,2.0,2.3234107621942104,58712.5,112288.5,0,1.0,1,2,1
2.649437685190067,2.188752381078392,2.0,0.0,38640.0,44478.5,0,0.0,1,1,1
2.594388538581778,2.115495915609207,2.0,0.0,49068.79166666666,60732.39583333333,0,2.0,1,1,1
2.5611874324011783,2.098679831078209,2.0,0.0,38640.0,44478.5,0,1.0,1,1,1
2.454915434711254,2.10599096332429,2.0,0.0,33428.5,43883.25,0,0.0,1,1,1
2.5857873435277328,2.1308917007556634,2.0,2.2531209847743163,49068.79166666666,60732.39583333333,0,2.0,1,1,1
2.610918042212423,2.1649062104513788,2.0,0.0,49068.79166666666,60732.39583333333,0,3.0,1,1,1
2.597432944578047,2.128668549706282,2.0,2.3890872825709972,49068.79166666666,60732.39583333333,0,2.0,1,1,1
2.5222317930792495,2.0916635031222883,1.0,0.0,33428.5,43883.25,0,0.0,1,1,1
2.3922372314345073,2.095966247910986,1.0,2.2051066035011075,55743.66666666666,72710.83333333333,0,0.0,1,1,1
2.553851251562612,2.1060804301011156,0.0,0.0,33428.5,43883.25,0,0.0,1,1,1
2.5456842198621934,2.2466897572312114,1.0,0.0,23669.8,29361.2,0,0.0,1,3,1
2.591740120691393,2.067717429410521,1.0,0.0,76460.0,135085.0,0,2.0,1,3,1
2.5532974946595286,2.100577651859118,2.0,2.067970345786057,46726.66666666666,63017.66666666666,0,2.0,1,3,1
2.602872659522064,2.1475346364707946,2.0,0.0,30448.0,37648.5,0,2.0,1,3,1
2.6144960919459708,2.167936450737171,3.0,2.361720003744145,38258.0,60156.0,0,2.0,1,3,1
2.6290792285747764,2.171746581862792,2.0,0.0,42073.402298850575,58248.18218390805,1,2.0,1,3,1
2.5643543045739206,2.0595810311938556,2.0,2.3234107621942104,42073.402298850575,58248.18218390805,1,1.0,1,3,1
2.613324109517734,2.206474685438453,3.0,0.0,30448.0,37648.5,0,2.0,1,3,1
2.587868343379808,2.1458855702260258,3.0,0.0,34720.0,60091.0,0,2.0,1,3,1
2.503504035202842,2.1060804301011156,1.0,2.2531209847743163,23669.8,29361.2,0,2.0,1,3,1
2.587868343379808,2.114259334453176,2.0,2.2294012669472845,50764.0,45983.0,0,2.0,1,3,1
2.617895778186638,2.1796777962006955,4.0,0.0,28085.0,44330.0,0,2.0,1,3,1
2.6167813037746033,2.181741675397622,3.0,0.0,42073.402298850575,58248.18218390805,0,2.0,1,3,1
2.6060996801336875,2.165315438588788,3.0,2.2294012669472845,47118.0,61811.0,0,2.0,1,3,1
2.513689932954576,2.081067193296879,2.0,0.0,35906.8,43132.8,0,1.0,1,3,1
2.526762946426977,2.0765976694095656,1.0,2.2531209847743163,23669.8,29361.2,0,0.0,1,3,1
2.600634205333658,2.1410349616689914,1.0,0.0,76460.0,135085.0,0,1.0,1,3,1
2.5205130454280438,2.0433731752143807,1.0,2.2509964439314443,23669.8,29361.2,0,0.0,1,3,1
2.56363582933001,2.0641155041941834,1.0,2.2531209847743163,35906.8,43132.8,0,0.0,1,3,1
2.635507499843966,2.1757431964858407,4.0,2.2531209847743163,38779.2,53351.8,0,2.0,1,3,1
2.6242237170039373,2.196214674566188,3.0,0.0,42073.402298850575,58248.18218390805,0,2.0,1,3,1
2.6058364664333875,2.0996328668112922,1.0,2.36235025329959,76460.0,135085.0,0,2.0,1,3,1
2.5874670326041187,2.1090791872033936,2.0,0.0,42073.402298850575,58248.18218390805,0,2.0,1,3,1
2.555217330134315,2.116556243522189,2.0,2.2934808150620927,69512.0,92431.66666666669,0,0.0,1,3,1
2.5664210819349704,2.073394817585529,1.0,0.0,28195.666666666668,41493.16666666666,0,1.0,1,3,1
2.651877243116559,2.187897084559528,4.0,0.0,32880.833333333336,41945.16666666666,0,2.0,1,3,1
2.556024721719396,2.062403181964502,1.0,0.0,32880.833333333336,41945.16666666666,0,1.0,1,2,1
2.5931324058179257,2.1226305630422626,2.0,2.2630835984043935,28085.0,44330.0,0,2.0,1,3,1
2.6017625060090213,2.119518053467991,3.0,0.0,28085.0,44330.0,0,2.0,1,3,1
2.5626664953368135,2.100765630711586,1.0,0.0,38779.2,53351.8,0,1.0,1,3,1
2.616103752480416,2.0726704181634754,1.0,0.0,76460.0,135085.0,0,1.0,1,3,1
2.5928147961099333,2.116149661334103,2.0,0.0,34720.0,60091.0,0,2.0,1,3,1
2.610918042212423,2.096553423985572,3.0,2.2551990897110383,37875.4,42067.4,0,1.0,1,3,1
2.617895778186638,2.160828694010215,2.0,0.0,76460.0,135085.0,0,1.0,1,3,1
2.5532974946595286,2.1429515527875673,2.0,0.0,34578.5,47643.75,0,2.0,1,3,1
2.584364848864451,2.1411638274329157,4.0,0.0,42073.402298850575,58248.18218390805,1,1.0,1,3,1
2.565065628758645,2.1182472861954174,2.0,0.0,46726.66666666666,63017.66666666666,0,2.0,1,3,1
2.6666997365033063,2.16863082951298,2.0,0.0,42073.402298850575,58248.18218390805,0,2.0,1,3,1
2.6200713626555014,2.213678777411108,3.0,0.0,76460.0,135085.0,0,2.0,1,3,1
2.6107954878491215,2.1757431964858407,3.0,2.3890872825709972,43979.0,60424.5,0,2.0,1,2,2
2.5378703231331703,2.214933939131339,3.0,2.3234107621942104,43979.0,60424.5,0,0.0,1,2,2
2.6084242962897357,2.1559148321020034,3.0,0.0,43979.0,60424.5,0,2.0,1,2,2
2.636185123122503,2.186206023617281,4.0,0.0,43979.0,60424.5,1,0.0,1,2,2
2.604505074628267,2.117445347132059,2.0,0.0,43979.0,60424.5,0,0.0,1,2,2
2.6167813037746033,2.1935824170424114,3.0,0.0,43979.0,60424.5,1,2.0,1,2,2
2.439135964655596,2.049334012932915,1.0,0.0,43979.0,60424.5,0,0.0,1,2,2
2.5747150426083714,2.0955730403529254,2.0,0.0,43979.0,60424.5,0,0.0,1,2,2
2.6221793582274318,2.195950764462939,2.0,0.0,43979.0,60424.5,0,0.0,1,2,2
2.48508300987998,2.0545730247502716,1.0,2.3234107621942104,43979.0,60424.5,0,0.0,1,2,2
2.597432944578047,2.127135691365678,2.0,2.17752581681183,43979.0,60424.5,0,1.0,1,2,2
2.5659565864061658,2.1015143210831027,2.0,0.0,43979.0,60424.5,0,0.0,1,2,2
2.5787581879384502,2.1099455986981406,2.0,0.0,43979.0,60424.5,0,0.0,1,2,2
2.5767855414419634,2.119280928553949,3.0,2.3013164699169826,43979.0,60424.5,0,1.0,1,2,2
2.544438676214117,2.1841895846550505,2.0,0.0,43979.0,60424.5,0,0.0,1,2,2
2.599775720997875,2.150167479706863,2.0,2.2551990897110383,43979.0,60424.5,0,0.0,1,2,2
2.5806771513187536,2.138026653126395,1.0,2.2531209847743163,43979.0,60424.5,0,0.0,1,2,2
2.66481635071679,2.2176098478452997,3.0,2.2531209847743163,43979.0,60424.5,0,2.0,1,2,2
2.5722416784620097,2.095769820615829,2.0,2.36235025329959,43979.0,60424.5,0,0.0,1,2,2
2.6151897374284947,2.1593247810779848,3.0,2.3629759223797047,43979.0,60424.5,0,2.0,1,2,2
2.544438676214117,2.086652720693887,1.0,0.0,43979.0,60424.5,0,0.0,1,2,2
2.5521770773133383,2.067970345786057,1.0,2.2720930397111068,43979.0,60424.5,0,0.0,1,2,2
2.6003492269397652,2.1680359357696948,3.0,0.0,43979.0,60424.5,0,2.0,1,2,2
2.5492976542621344,2.1220923665811973,3.0,0.0,43979.0,60424.5,0,0.0,1,2,2
2.58272929034562,2.1186460203033777,2.0,0.0,43979.0,60424.5,0,0.0,1,2,2
2.632726245905294,2.178652320486984,2.0,2.3234107621942104,43979.0,60424.5,0,2.0,1,2,2
2.6091819944246986,2.1796777962006955,3.0,0.0,43979.0,60424.5,0,0.0,1,2,2
2.5959274336964664,2.124153500932492,2.0,0.0,43979.0,60424.5,0,0.0,1,2,2
2.6200713626555014,2.2113137299877916,4.0,0.0,43979.0,60424.5,0,0.0,1,2,2
2.637022604769401,2.2127905513330304,4.0,0.0,43979.0,60424.5,0,0.0,1,2,2
2.5707543893029237,2.136825712399633,2.0,0.0,43979.0,60424.5,0,0.0,1,2,2
2.5983208017008894,2.115904972063651,2.0,0.0,43979.0,60424.5,0,0.0,1,2,2
2.6956747101603242,2.211829917583101,2.0,0.0,43979.0,60424.5,1,0.0,1,2,2
2.6677519460312427,2.2276647915533823,5.0,2.4093450282818294,43979.0,60424.5,1,2.0,1,2,2
2.663992190608018,2.101046992647249,2.0,0.0,48925.5,54998.5,0,2.0,4,3,2
2.6769774052767277,2.127135691365678,2.0,2.3890872825709972,48316.66666666666,55446.66666666666,0,0.0,4,3,2
2.7090072254337163,2.198411821075631,3.0,0.0,44196.6,59071.8,0,0.0,4,3,2
2.6751417297128777,2.1823916185415078,3.0,0.0,58294.333333333336,56183.833333333336,0,0.0,4,3,2
2.8530874383644576,2.211507616774087,3.0,0.0,65597.52083333333,77660.71875,1,2.0,4,3,2
2.618992280160462,1.96779157969034,1.0,2.3234107621942104,48316.66666666666,55446.66666666666,0,0.0,4,3,2
2.7055850975718805,2.117686558332254,1.0,0.0,65597.52083333333,77660.71875,0,2.0,4,3,2
2.738930915329061,2.15359669072487,3.0,2.5806771513187536,72229.0,58797.0,0,1.0,4,3,2
2.6617420654345145,2.0105868828871887,1.0,0.0,84318.0,99241.5,0,0.0,4,3,2
2.682605197161322,2.1979688386872795,3.0,0.0,48925.5,54998.5,0,1.0,4,3,2
2.687854352862308,2.2180337268661696,3.0,0.0,43502.0,42292.5,0,0.0,4,3,2
2.6242237170039373,1.983371148410903,1.0,0.0,65424.5,97116.5,0,0.0,4,3,2
2.6318328908079858,2.0743534331989393,1.0,2.36235025329959,47226.0,69484.0,0,0.0,4,3,2
2.785122650790457,2.1589996490921193,3.0,2.646038247862196,82901.66666666667,117380.0,0,1.0,4,3,2
2.751743353845843,2.2625525983142496,6.0,0.0,65424.5,97116.5,0,0.0,4,3,2
2.662989232815573,2.0678439588232274,1.0,0.0,70266.0,102057.25,0,1.0,4,3,2
2.7020872343581788,2.08351128167073,2.0,2.519197424204011,65597.52083333333,77660.71875,1,1.0,4,3,2
2.6956747101603242,2.1773444132658493,2.0,0.0,56273.66666666666,63251.0,0,2.0,4,3,2
2.659292857623934,2.1402584341738335,2.0,0.0,48925.5,54998.5,0,0.0,4,3,2
2.6544859353004306,2.074710802390726,1.0,2.3565050293398513,58294.333333333336,56183.833333333336,0,0.0,4,3,2
2.668271723311115,2.196627989572215,3.0,0.0,58294.333333333336,56183.833333333336,0,0.0,4,3,2
2.733121599517895,2.2171231632086625,4.0,0.0,65424.5,97116.5,0,2.0,4,3,2
2.655248778607769,2.0981039919653584,2.0,0.0,57658.0,75882.0,0,0.0,4,3,2
2.6456006064526782,2.0708386181225467,1.0,0.0,44196.6,59071.8,1,0.0,4,3,2
2.668787369021169,2.0907411873032014,2.0,2.3234107621942104,70266.0,102057.25,0,1.0,4,3,2
2.7020872343581788,2.2555888391983228,4.0,0.0,57658.0,75882.0,0,0.0,4,3,2
2.6956747101603242,2.2397947160664518,4.0,2.5267637455876564,47226.0,69484.0,0,1.0,4,3,2
2.7211221551457854,2.231922918286781,3.0,0.0,44196.6,59071.8,0,0.0,4,3,2
2.7304794202378493,2.196177015695506,4.0,0.0,73382.0,96815.66666666669,0,0.0,4,3,2
2.722674498387897,2.188671236243802,4.0,2.558652438006258,65774.66666666667,95383.66666666669,0,0.0,4,2,2
2.722674498387897,2.188671236243802,2.1284722222222223,2.558652438006258,65774.66666666667,95383.66666666669,0,0.0,4,2,2
2.63752009985785,2.126545890198951,2.0,0.0,65186.0,114285.0,0,0.0,4,2,2
2.681349609219842,2.1892378824476713,3.0,0.0,65774.66666666667,95383.66666666669,0,2.0,4,2,2
2.6604706021610975,2.1610417635408723,3.0,2.4258918379756103,70005.66666666667,92422.66666666669,0,0.0,4,2,2
2.6784975870975685,2.2333017457873425,4.0,0.0,65774.66666666667,95383.66666666669,0,0.0,4,2,2
2.6418380272022777,2.171938204354923,3.0,0.0,70005.66666666667,92422.66666666669,0,2.0,4,2,2
2.663436898698147,2.1321615155577556,2.0,0.0,70005.66666666667,92422.66666666669,0,0.0,4,2,2
2.8223897261307864,2.319107586629778,8.0,2.6211335537754037,70005.66666666667,92422.66666666669,1,2.0,4,2,2
2.6281357025573913,2.129246734211573,3.0,2.3234107621942104,70005.66666666667,92422.66666666669,0,0.0,4,2,2
2.6946540679344264,2.1426980184653157,2.0,0.0,65774.66666666667,95383.66666666669,1,0.0,4,2,2
2.6551222517116724,2.0979113692514244,2.0,0.0,70005.66666666667,92422.66666666669,0,1.0,4,2,2
2.640666409499047,2.133762229409242,2.0,0.0,65774.66666666667,95383.66666666669,0,0.0,4,2,2
2.6336078565795944,2.094185593117022,2.0,2.439135964655596,65774.66666666667,95383.66666666669,0,1.0,4,2,2
2.6551222517116724,2.223868614630011,3.0,2.469775946198685,65774.66666666667,95383.66666666669,0,0.0,4,2,2
2.658214447961229,2.1972261432992233,4.0,2.3224359579425915,65186.0,114285.0,0,2.0,4,2,2
2.6262080578326072,2.119360028471374,3.0,0.0,70005.66666666667,92422.66666666669,0,0.0,4,2,2
2.6402712413808804,2.079938185422248,2.0,0.0,70005.66666666667,92422.66666666669,0,1.0,4,2,2
2.671305787673049,2.172890968199372,3.0,0.0,65774.66666666667,95383.66666666669,0,0.0,4,2,2
2.6142633001565607,2.078338043940251,2.0,0.0,70005.66666666667,92422.66666666669,0,0.0,4,2,2
2.6252231754756408,2.136017426662506,3.0,0.0,70005.66666666667,92422.66666666669,0,0.0,4,2,2
2.6563766786503593,2.181785134812091,3.0,0.0,65774.66666666667,95383.66666666669,0,2.0,4,2,2
2.684644601625698,2.239963622522137,4.0,0.0,65774.66666666667,95383.66666666669,0,2.0,4,2,2
2.6402712413808804,2.119990735619632,2.0,0.0,70005.66666666667,92422.66666666669,0,0.0,4,2,2
2.7076272836964153,2.174443864276842,3.0,0.0,65186.0,114285.0,0,2.0,4,2,2
2.637022604769401,2.143456791947846,2.0,2.3890872825709972,65186.0,114285.0,0,0.0,4,2,2
2.688159017676139,2.2679840512441536,5.0,0.0,65774.66666666667,95383.66666666669,0,3.0,4,2,2
2.6605872178988217,2.1528507429054087,3.0,0.0,65186.0,114285.0,0,1.0,4,2,2
2.650533088605779,2.1571376970956027,3.0,0.0,65774.66666666667,95383.66666666669,0,1.0,4,2,2
2.637022604769401,2.181087539518698,1.0,2.3890872825709972,70005.66666666667,92422.66666666669,0,0.0,4,2,2
2.6544859353004306,2.124906902470258,3.0,0.0,65774.66666666667,95383.66666666669,0,2.0,4,2,2
2.635337015765198,2.1226305630422626,2.0,0.0,65186.0,114285.0,0,0.0,4,2,2
2.69567464266353,2.1061698231712445,2.0,0.0,65774.66666666667,95383.66666666669,0,1.0,4,2,2
2.4326502722298944,2.0548571253925845,1.0,2.2531209847743163,33079.166666666664,45903.16666666666,0,0.0,1,1,1
2.549003313285685,2.0673369834141395,1.0,0.0,33079.166666666664,45903.16666666666,0,1.0,1,1,1
2.5328945688577855,2.065930887588893,2.0,0.0,41806.5,36132.0,0,0.0,1,1,1
2.6321916615593266,2.239843005314416,4.0,0.0,63700.0,68315.0,0,0.0,1,1,1
2.412863620384798,2.067970345786057,1.0,0.0,23658.0,34684.0,0,0.0,1,1,1
2.5532974946595286,2.0714525565291084,1.0,2.3234107621942104,33079.166666666664,45903.16666666666,0,0.0,1,1,1
2.610918042212423,2.1492177447314296,2.0,0.0,41806.5,36132.0,0,0.0,1,1,1
2.534350944066273,2.0444661777473803,1.0,0.0,41806.5,36132.0,0,0.0,1,1,1
2.570558078314542,2.0698492610215222,3.0,0.0,33079.166666666664,45903.16666666666,0,0.0,1,1,1
2.582175529387986,2.062800647975805,2.0,0.0,63700.0,68315.0,0,0.0,1,1,1
2.613324109517734,2.1832517753883782,3.0,2.3243847159300817,28921.25,38780.5,0,0.0,1,1,1
2.564805631504112,2.068976349628028,1.0,2.4452519674433746,41806.5,36132.0,0,0.0,1,1,1
2.6144960919459708,2.2052442634444205,3.0,0.0,41806.5,36132.0,0,0.0,1,1,1
2.5475134173620706,2.1055425197789552,2.0,0.0,20712.0,33420.5,0,0.0,1,1,1
2.5795320560861352,2.1472312083846674,2.0,2.2509964439314443,28921.25,38780.5,0,0.0,1,1,1
2.5182176548258437,2.0065686055580243,1.0,0.0,33079.166666666664,45903.16666666666,0,0.0,1,1,1
2.5580304865491437,2.1288857375428893,2.0,0.0,33079.166666666664,45903.16666666666,0,0.0,1,1,1
2.503504035202842,2.035079830026609,1.0,0.0,20712.0,33420.5,0,0.0,1,1,1
2.4884784163947633,2.041315273644163,1.0,0.0,33079.166666666664,45903.16666666666,0,0.0,1,1,1
2.4966603269205336,2.113176026085734,2.0,2.2531209847743163,33079.166666666664,45903.16666666666,0,0.0,1,1,1
2.5086674175588723,2.014069852200787,1.0,0.0,33079.166666666664,45903.16666666666,0,0.0,1,1,1
2.544438676214117,2.1150852981306785,2.0,0.0,41806.5,36132.0,0,0.0,1,1,1
2.53208110078499,2.144958072677249,1.0,0.0,41806.5,36132.0,0,0.0,1,1,1
2.617895778186638,2.1735526581320617,3.0,2.2294012669472845,41806.5,36132.0,0,0.0,1,1,1
2.644864965901993,2.252022143939601,5.0,0.0,63700.0,68315.0,0,0.0,1,1,1
2.5747562286304357,2.1716986201100412,2.0,0.0,28921.25,38780.5,0,0.0,1,1,1
2.5504632044910513,2.0771808228241233,1.0,0.0,33079.166666666664,45903.16666666666,0,0.0,1,1,1
2.5521770773133383,2.140582684095505,2.0,2.2531209847743163,20712.0,33420.5,0,0.0,1,1,1
2.526762946426977,2.091049486282014,2.0,0.0,33079.166666666664,45903.16666666666,0,0.0,1,1,1
2.503504035202842,2.1062591426501625,1.0,0.0,33079.166666666664,45903.16666666666,0,0.0,1,1,1
2.556024721719396,2.103638571303346,1.0,2.3234107621942104,41806.5,36132.0,0,0.0,1,1,1
2.5959274336964664,2.1655194440548033,2.0,0.0,41806.5,36132.0,0,0.0,1,1,1
2.5895564223493652,2.1412925354744194,2.0,0.0,41806.5,36132.0,0,0.0,1,1,1
2.5934643430353552,2.154564156174135,3.0,0.0,63700.0,68315.0,0,0.0,1,1,1
2.5680233942552837,2.1003893483839997,2.0,0.0,20712.0,33420.5,0,0.0,1,1,1
2.5611874324011783,2.1017006926689783,1.0,0.0,28921.25,38780.5,0,0.0,1,1,1
2.566928557506548,2.1152497331706615,3.0,0.0,28921.25,38780.5,0,0.0,1,1,1
2.534350944066273,2.051983650555967,1.0,0.0,33079.166666666664,45903.16666666666,0,0.0,1,1,1
2.5392320819888523,2.073394817585529,1.0,2.3234107621942104,41806.5,36132.0,0,0.0,1,1,1
2.550981642952649,2.1442101186701965,2.0,0.0,33079.166666666664,45903.16666666666,0,0.0,1,1,1
2.6262080578326072,2.139868011014421,2.0,2.4093450282818294,66644.33333333333,81391.33333333333,0,1.0,1,2,1
2.668787369021169,2.2209799847499845,4.0,2.469775946198685,49698.5,78639.0,0,3.0,1,2,1
2.6071425690719345,2.1077664249650536,2.0,0.0,44895.833333333336,59216.5,0,2.0,1,2,1
2.577184505120073,2.051983650555967,1.0,0.0,20383.0,24950.0,0,0.0,1,2,1
2.6757901843224676,2.201815457478091,4.0,2.3890872825709972,60504.25,85239.75,0,2.0,1,2,1
2.6010594811260828,2.109426584944646,2.0,0.0,44895.833333333336,59216.5,0,1.0,1,2,1
2.5893308995337194,2.130179626371164,2.0,0.0,44895.833333333336,59216.5,0,2.0,1,2,1
2.6012006598724415,2.1101180512278606,2.0,0.0,55270.8,75610.0,0,1.0,1,2,1
2.616330352869892,2.125655021547276,1.0,2.36235025329959,59873.0,74241.66666666667,0,2.0,1,2,1
2.5787581879384502,2.10599096332429,1.0,0.0,44895.833333333336,59216.5,0,0.0,1,2,1
2.5885484767473366,2.1345878758245114,3.0,0.0,50780.5,57149.0,0,0.0,1,2,1
2.6731562970368863,2.1757892964398375,4.0,0.0,60504.25,85239.75,0,2.0,1,2,1
2.668787369021169,2.2084920526786953,4.0,2.469944967179519,52741.0,69659.0,1,2.0,1,2,1
2.6745712788037843,2.2085585957096376,3.0,0.0,60504.25,85239.75,0,2.0,1,2,1
2.6156482775346257,2.1200693137072997,2.0,0.0,42875.4,65307.2,0,1.0,1,2,1
2.580975997818509,2.119280928553949,1.0,0.0,50780.5,57149.0,0,0.0,1,2,1
2.6538433969855744,2.1840622121049407,2.0,2.469775946198685,60504.25,85239.75,0,2.0,1,2,1
2.48508300987998,2.0188178593196615,1.0,2.3234107621942104,55270.8,75610.0,0,1.0,1,2,1
2.5818039167847417,2.105001930839254,1.0,2.4093450282818294,52139.0,79436.0,0,2.0,1,2,1
2.6144960919459708,2.150167479706863,2.0,0.0,44895.833333333336,59216.5,0,3.0,1,2,1
2.734401024248048,2.2806866867700877,5.0,0.0,66644.33333333333,81391.33333333333,0,4.0,1,2,1
2.5818039167847417,2.136489678188395,2.0,0.0,44895.833333333336,59216.5,0,2.0,1,2,1
2.584364848864451,2.087609761208291,3.0,0.0,60504.25,85239.75,0,2.0,1,2,1
2.685283702866714,2.1922203295332987,3.0,0.0,66644.33333333333,81391.33333333333,0,2.0,1,2,1
2.663992190608018,2.1587823255667224,2.0,0.0,60504.25,85239.75,0,2.0,1,2,1
2.5968346564922293,2.1285960550719913,2.0,2.2531209847743163,44895.833333333336,59216.5,0,1.0,1,2,1
2.6456006064526782,2.217397220046077,2.0,2.4093450282818294,59873.0,74241.66666666667,0,2.0,1,2,1
2.55548746716403,2.065415188141318,1.0,2.2531209847743163,57068.0,64636.5,0,0.0,1,2,1
2.6126111404785974,2.1173648228702233,2.0,0.0,44895.833333333336,59216.5,0,2.0,1,2,1
2.594076626352433,2.072912406768814,1.0,2.341107991445833,66644.33333333333,81391.33333333333,0,1.0,1,2,1
2.6003492269397652,2.1424438705649336,2.0,0.0,55270.8,75610.0,0,1.0,1,2,1
2.590054990856379,2.083621105656923,2.0,0.0,55270.8,75610.0,0,0.0,1,2,1
2.668787369021169,2.1673375078701587,3.0,0.0,66644.33333333333,81391.33333333333,0,2.0,1,2,1
2.589523057493021,2.025597515002669,2.0,0.0,44895.833333333336,59216.5,0,1.0,1,2,1
2.5682944945824913,1.994583162332888,2.0,2.2720930397111068,62641.0,93914.33333333331,0,1.0,1,2,1
2.587868343379808,2.037416521841526,1.0,0.0,44895.833333333336,59216.5,0,1.0,1,2,1
2.6167813037746033,2.114093378840584,2.0,0.0,59873.0,74241.66666666667,0,2.0,1,2,1
2.5832787207877694,2.0969431317504568,1.0,0.0,55270.8,75610.0,0,1.0,1,2,1
2.5968046061304193,2.093284301610178,2.0,0.0,50780.5,57149.0,0,0.0,1,2,1
2.6299912235147698,2.166885997628051,3.0,0.0,59873.0,74241.66666666667,0,0.0,1,2,1
2.5883790628361276,2.049334012932915,1.0,2.3234107621942104,42875.4,65307.2,0,1.0,1,2,1
2.635337015765198,2.1476557616019933,2.0,0.0,49698.5,78639.0,0,2.0,1,2,1
2.6305618763236667,2.160401232337979,3.0,0.0,55270.8,75610.0,0,2.0,1,2,1
2.597432944578047,2.066955244315763,1.0,0.0,59873.0,74241.66666666667,0,1.0,1,2,1
2.671797923132022,2.1816111852889613,4.0,0.0,66644.33333333333,81391.33333333333,0,2.0,1,2,1
2.6084242962897357,2.088663490519963,2.0,0.0,58253.5,85098.5,0,0.0,1,2,1
2.618665183279067,2.102720074014822,2.0,2.36235025329959,46230.0,61528.0,0,1.0,1,2,1
2.6136778221068866,2.119990735619632,3.0,2.3234107621942104,62884.0,85742.0,0,0.0,1,2,1
2.6038295957074085,2.1326512546296783,3.0,0.0,36384.75,54173.25,0,1.0,1,2,1
2.6889143617340023,2.2340992206954398,5.0,0.0,50457.35833333333,78555.03214285713,0,0.0,1,2,1
2.6144960919459708,2.120383051093966,3.0,2.393551793043435,36384.75,54173.25,0,2.0,1,2,1
2.5825451877824173,2.0765976694095656,2.0,2.439135964655596,36111.0,45601.0,0,0.0,1,2,1
2.671305787673049,2.1925332969668765,3.0,1.7254630513334037,59577.5,96803.0,0,2.0,1,2,1
2.6477597376813042,2.118087376852356,2.0,2.3234107621942104,46230.0,61528.0,0,2.0,1,2,1
2.6490221766408086,2.169663664343269,3.0,0.0,57302.66666666666,67713.0,0,2.0,1,2,1
2.7293111607722897,2.2958497234251687,6.0,2.469775946198685,53611.5,65314.5,0,3.0,1,2,1
2.6720425933793988,2.2021353228626612,3.0,0.0,62779.5,112098.5,0,2.0,1,2,1
2.7712541871607104,2.334603397164494,9.0,0.0,62779.5,112098.5,0,4.0,1,2,1
2.5963825281342494,2.093785932982101,3.0,2.2531209847743163,58253.5,85098.5,0,0.0,1,2,1
2.6058364664333875,2.1184867043971445,3.0,2.1519252521271723,58253.5,85098.5,0,1.0,1,2,1
2.655752461967419,2.193350225118366,3.0,0.0,48347.0,62010.5,0,3.0,1,2,1
2.6344780183306873,2.149098417935765,3.0,2.4312880602497646,9129.0,112500.0,0,2.0,1,2,1
2.6652462491237183,2.206474685438453,3.0,2.425597630354696,57302.66666666666,67713.0,0,2.0,1,2,1
2.6287034036082852,2.1213187868973424,3.0,2.3558304641281165,62884.0,85742.0,0,0.0,1,2,1
2.676066107779104,2.187610365766929,4.0,2.4093450282818294,57302.66666666666,67713.0,0,3.0,1,2,1
2.7050639714136246,2.240636298365839,5.0,0.0,62779.5,112098.5,0,3.0,1,2,1
2.636185123122503,2.1240021804627016,2.0,2.1979688386872795,57302.66666666666,67713.0,0,2.0,1,2,1
2.68661312792031,2.2387261774881058,6.0,2.4093450282818294,62779.5,112098.5,0,2.0,1,2,1
2.6084242962897357,2.095375905913649,2.0,2.3234107621942104,46230.0,61528.0,0,0.0,1,2,1
2.5937633083840494,2.0750670306433894,2.0,0.0,58253.5,85098.5,0,0.0,1,2,1
2.630009707485597,2.129462745168983,3.0,2.2878580073643144,9129.0,112500.0,0,1.0,1,2,1
2.645892591287636,2.0172564188484525,1.0,0.0,58253.5,85098.5,0,0.0,1,2,1
2.6318328908079858,2.126914898479161,3.0,0.0,57302.66666666666,67713.0,0,0.0,1,2,1
2.6737298247072996,2.1773444132658493,4.0,2.36235025329959,49639.6,62106.2,0,1.0,1,2,1
2.6271787703047464,2.1298217904819072,3.0,2.2531209847743163,62884.0,85742.0,0,0.0,1,2,1
2.613324109517734,2.030610868276551,1.0,0.0,58253.5,85098.5,0,0.0,1,2,1
2.6316527836540913,2.1503445966034382,3.0,2.3327011629175196,58253.5,85098.5,0,1.0,1,2,1
2.638177711607933,2.1551853974845527,3.0,0.0,9129.0,112500.0,0,2.0,1,2,1
2.736795129594234,2.2675702781530305,4.0,2.5806771513187536,62884.0,85742.0,0,3.0,1,2,1
2.6234133712840304,2.156416838813348,3.0,0.0,46230.0,61528.0,0,1.0,1,2,1
2.6386667018029435,2.163824183727705,3.0,0.0,62779.5,112098.5,0,2.0,1,2,1
2.618992280160462,2.121007782628919,2.0,0.0,57302.66666666666,67713.0,0,0.0,1,2,1
2.6336078565795944,2.1416777169332115,3.0,2.3234107621942104,9129.0,112500.0,0,2.0,1,2,1
2.703593249131755,2.167187224818775,3.0,0.0,85741.0,141168.0,0,0.0,1,2,1
2.6355891781173932,2.1684824290555156,3.0,0.0,49639.6,62106.2,0,2.0,1,2,1
2.6378497156657295,2.2123434194432487,4.0,0.0,43069.0,64815.5,0,2.0,1,2,1
2.600320664362325,2.149753033777724,2.0,2.3234107621942104,48345.0,78744.0,0,1.0,1,2,1
2.665522277164244,2.2295624819989497,4.0,0.0,48854.5,92538.5,0,3.0,1,2,1
2.6232092586766624,2.1892378824476713,4.0,0.0,44154.0,70965.66666666667,0,2.0,1,2,1
2.6242237170039373,2.1854964597198143,3.0,0.0,48854.5,92538.5,0,3.0,1,2,1
2.549882773725355,2.036919769035797,1.0,0.0,44847.0,62953.0,0,0.0,1,2,1
2.5767855414419634,2.142824862147179,2.0,0.0,39852.5,61354.0,0,2.0,1,2,1
2.6650887680753645,2.183508404394151,2.0,0.0,39759.15,60352.84166666666,0,2.0,1,2,1
2.5861385010981603,2.0714525565291084,2.0,2.3386691214316087,39759.15,60352.84166666666,0,2.0,1,2,1
2.6344780183306873,2.2109897369224676,4.0,0.0,44847.0,62953.0,0,3.0,1,2,1
2.6719937333517607,2.2071854453374975,3.0,0.0,48345.0,78744.0,0,2.0,1,2,1
2.5861385010981603,2.135610952562404,2.0,0.0,39759.15,60352.84166666666,0,1.0,1,2,1
2.5895564223493652,2.102443006124258,2.0,0.0,43069.0,64815.5,0,1.0,1,2,1
2.6010594811260828,2.128160046535533,2.0,0.0,39759.15,60352.84166666666,0,2.0,1,2,1
2.6003492269397652,2.1459471123541936,3.0,2.1979688386872795,44154.0,70965.66666666667,0,2.0,1,2,1
2.57557495481901,2.0771808228241233,1.0,0.0,39759.15,60352.84166666666,0,1.0,1,2,1
2.5504632044910513,2.025597515002669,1.0,0.0,44154.0,70965.66666666667,0,1.0,1,2,1
2.6156482775346257,2.1704922136176172,3.0,2.3234107621942104,39852.5,61354.0,0,2.0,1,2,1
2.61753001632342,2.187856174604013,3.0,0.0,39852.5,61354.0,0,2.0,1,2,1
2.5818039167847417,2.0614702793851385,2.0,0.0,48345.0,78744.0,0,1.0,1,2,1
2.650533088605779,2.190998288735791,4.0,0.0,48345.0,78744.0,0,2.0,1,2,1
2.6748618107921995,2.2268952250804226,5.0,0.0,48854.5,92538.5,0,3.0,1,2,1
2.610918042212423,2.1493369353006764,2.0,1.945047123513961,48854.5,92538.5,0,2.0,1,2,1
2.56363582933001,2.049334012932915,1.0,2.3234107621942104,15586.0,25139.0,0,1.0,1,2,1
2.6050407266370406,2.123546928330772,3.0,0.0,44154.0,70965.66666666667,0,2.0,1,2,1
2.5613615714998628,2.0472297850184633,1.0,0.0,15586.0,25139.0,0,1.0,1,2,1
2.602872659522064,2.139345184451396,3.0,0.0,48854.5,92538.5,0,2.0,1,2,1
2.582912911752622,2.1149206115071926,3.0,2.2531209847743163,39759.15,60352.84166666666,0,2.0,1,2,1
2.6010594811260828,2.095966247910986,1.0,2.36235025329959,43069.0,64815.5,0,1.0,1,2,1
2.6167588270344013,2.158564544816508,2.0,0.0,48854.5,92538.5,0,2.0,1,2,1
2.6031474281958396,2.1595949461014525,3.0,0.0,39759.15,60352.84166666666,0,2.0,1,2,1
2.5959274336964664,2.119833406392509,2.0,0.0,48854.5,92538.5,0,2.0,1,2,1
2.6219714847955404,2.174022683456368,3.0,0.0,48854.5,92538.5,0,2.0,1,2,1
2.6823976346943756,2.16449534907515,3.0,0.0,39759.15,60352.84166666666,0,2.0,1,2,1
2.584364848864451,2.0714525565291084,2.0,0.0,44154.0,70965.66666666667,0,2.0,1,2,1
2.5895564223493652,2.1529658528050475,2.0,0.0,38814.5,48829.75,0,0.0,1,2,1
2.636185123122503,2.178023015823787,3.0,0.0,44847.0,62953.0,0,2.0,1,2,1
2.6003492269397652,2.156805615832292,2.0,0.0,39852.5,61354.0,0,2.0,1,2,1
2.6251238924048885,2.1682346170615867,3.0,0.0,48854.5,92538.5,0,2.0,1,2,1
2.661627495500764,2.1941221173383,3.0,0.0,48854.5,92538.5,0,3.0,1,2,1
2.6096825137258386,2.143519776179539,2.0,0.0,39759.15,60352.84166666666,0,2.0,1,2,1
2.5682944945824913,2.080954807903027,2.0,0.0,39759.15,60352.84166666666,0,2.0,1,2,1
2.599775720997875,2.156361180090598,2.0,0.0,38814.5,48829.75,0,1.0,1,2,1
2.5959274336964664,2.0907411873032014,2.0,2.3234107621942104,44847.0,62953.0,0,2.0,1,2,1
2.6681681004292583,2.2100113329091404,4.0,0.0,39759.15,60352.84166666666,0,3.0,1,2,1
2.657607566478811,2.222953508401772,3.0,0.0,56163.333333333336,77695.66666666667,0,0.0,2,2,2
2.6198569140199903,2.1055425197789552,1.0,0.0,56163.333333333336,77695.66666666667,0,0.0,2,2,2
2.633957278974644,2.129534651359323,2.0,0.0,56163.333333333336,77695.66666666667,0,5.0,2,2,2
2.5456842198621934,2.068600154474629,1.0,0.0,42343.0,47954.333333333336,0,0.0,3,1,2
2.554400791747745,2.0863318542781917,1.0,0.0,38165.66666666666,42425.333333333336,0,0.0,3,2,2
2.587868343379808,2.128014312336542,2.0,2.3141321263180443,38299.4,56094.6,0,0.0,3,1,2
2.5759807915220994,2.1528507429054087,2.0,0.0,34063.0,48647.0,0,0.0,3,1,2
2.6071425690719345,2.1163937951035634,2.0,0.0,47955.75,81489.5,0,0.0,3,2,2
2.558652438006258,2.146070088203212,2.1284722222222223,0.0,38299.4,56094.6,0,0.0,3,1,2
2.558652438006258,2.1362200787757395,2.1284722222222223,0.0,38299.4,56094.6,0,0.0,3,1,2
2.5306545045462046,2.128668549706282,1.0,0.0,38165.66666666666,42425.333333333336,0,0.0,3,1,2
2.558652438006258,2.0976217972027187,1.0,0.0,42343.0,47954.333333333336,0,0.0,3,1,2
2.604505074628267,2.1097728707008656,1.0,0.0,34063.0,48647.0,0,0.0,3,2,2
2.5806771513187536,2.149753033777724,2.0,2.3234107621942104,38299.4,56094.6,0,0.0,3,1,2
2.594388538581778,2.1606151841887873,2.1284722222222223,2.3234107621942104,38299.4,56094.6,0,0.0,3,1,2
2.526762946426977,2.094782365359537,1.0,0.0,42343.0,47954.333333333336,0,0.0,3,1,2
2.6058364664333875,2.098679831078209,2.0,2.36543404545353,58113.0,80819.33333333333,0,1.0,3,1,2
2.6426077931894945,2.126841199016044,2.0,0.0,34063.0,48647.0,0,0.0,3,2,2
2.584364848864451,2.180736934793515,2.1284722222222223,0.0,38165.66666666666,42425.333333333336,0,0.0,3,1,2
2.5532974946595286,2.0800516042679154,1.0,0.0,38299.4,56094.6,0,0.0,3,1,2
2.6698065171791363,2.158455482408103,3.0,0.0,52339.0,102435.0,0,1.0,3,2,2
2.5806771513187536,2.092982218491599,2.0,0.0,38299.4,56094.6,0,0.0,3,1,2
2.6096825137258386,2.1078544392506733,1.0,0.0,43783.6,59476.566666666666,0,0.0,3,1,2
2.597432944578047,2.1461929197785112,2.0,0.0,43783.6,59476.566666666666,0,2.0,3,1,2
2.588209237266702,2.188060558613202,2.1284722222222223,0.0,38299.4,56094.6,0,0.0,3,1,2
2.587868343379808,2.105901422725014,2.0,0.0,42343.0,47954.333333333336,0,0.0,3,1,2
2.5601841554606546,2.1075019523214045,1.0,0.0,42343.0,47954.333333333336,0,0.0,3,1,2
2.541228329571344,2.102443006124258,2.0,2.2531209847743163,58113.0,80819.33333333333,0,0.0,3,1,2
2.5570873533924794,2.083070893127591,1.0,0.0,38299.4,56094.6,0,0.0,3,1,2
2.5806771513187536,2.100200719217843,1.0,2.2551990897110383,58113.0,80819.33333333333,0,0.0,3,1,2
2.6211335537754037,2.075776091887041,2.0,0.0,47955.75,81489.5,0,1.0,3,2,2
2.531408786275378,2.045702691419236,1.0,0.0,38165.66666666666,42425.333333333336,0,0.0,3,1,2
2.6771581265422704,2.1823051998596514,3.0,0.0,52339.0,102435.0,0,1.0,3,2,2
2.604505074628267,2.1495749089437357,3.0,2.36235025329959,38299.4,56094.6,0,2.0,3,1,2
2.610918042212423,2.1176062147771804,2.0,0.0,38299.4,56094.6,0,0.0,3,1,2
2.647333510012263,2.131457940406689,2.0,2.3234009687390422,47955.75,81489.5,0,1.0,3,2,2
2.5959274336964664,2.1412925354744194,2.0,2.3890872825709972,38299.4,56094.6,0,0.0,3,1,2
2.558652438006258,2.1411638274329157,1.0,0.0,38299.4,56094.6,0,0.0,3,1,2
2.5726670138524446,2.093585555546805,2.0,0.0,43783.6,59476.566666666666,0,0.0,3,1,2
2.4917298134217796,2.115659724880597,2.0,0.0,38299.4,56094.6,0,0.0,3,1,2
2.6650887680753645,2.1688776876115803,3.0,2.3234107621942104,22921.0,32294.5,0,2.0,2,2,2
2.6191009633829734,2.136959827177902,2.0,0.0,40816.5,52615.5,0,2.0,2,2,2
2.6418380272022777,2.1041859691405933,2.0,2.3678237389225854,40816.5,52615.5,0,2.0,2,2,2
2.682189397089907,2.1915914544103217,3.0,0.0,22921.0,32294.5,0,3.0,2,2,2
2.6096825137258386,2.072912406768814,2.0,0.0,22921.0,32294.5,0,0.0,2,2,2
2.6477597376813042,2.1088179050588653,2.0,0.0,22921.0,32294.5,0,1.0,2,2,2
2.6386667018029435,2.1493369353006764,2.0,2.3629759223797047,45652.833333333336,71520.0,0,2.0,2,2,2
2.6360330865890034,2.0892909261769126,2.0,0.0,40816.5,52615.5,0,4.0,2,2,2
2.6378497156657295,2.1119970843916103,2.0,0.0,45652.833333333336,71520.0,0,2.0,2,2,2
2.6426077931894945,2.1343133755426837,2.0,0.0,22921.0,32294.5,0,2.0,2,2,2
2.671305787673049,2.1867452875865983,3.0,2.4462842962750297,22921.0,32294.5,0,3.0,2,2,2
2.6262080578326072,2.0790266416427854,2.0,0.0,45652.833333333336,71520.0,0,2.0,2,2,2
2.671797923132022,2.161572522414464,2.0,2.36235025329959,22921.0,32294.5,0,3.0,2,2,2
2.636185123122503,2.1426345391236405,2.0,2.2294012669472845,45652.833333333336,71520.0,0,2.0,2,2,2
2.7124584740086384,2.180780826683763,5.0,0.0,73221.0,129650.0,0,9.0,2,2,2
2.722674498387897,2.2001643562758577,3.0,0.0,73221.0,129650.0,0,8.0,2,2,2
2.636855946126935,2.114673108246672,3.0,0.0,40816.5,52615.5,0,1.0,2,2,2
2.6703001076268134,2.174443864276842,2.0,0.0,45652.833333333336,71520.0,0,3.0,2,2,2
2.6252231754756408,2.093485229431972,2.0,0.0,45652.833333333336,71520.0,0,2.0,2,2,2
2.6290792285747764,2.096748451375384,3.0,2.3998311279709856,40816.5,52615.5,0,1.0,2,2,2
2.680498669900132,2.15359669072487,3.0,0.0,40816.5,52615.5,0,6.0,2,2,2
2.657607566478811,2.1442101186701965,3.0,2.3890872825709972,40816.5,52615.5,0,2.0,2,2,2
2.632726245905294,2.0843868372564978,3.0,0.0,45652.833333333336,71520.0,0,1.0,2,2,2
2.6271787703047464,2.074829671570407,2.0,0.0,45652.833333333336,71520.0,0,2.0,2,2,2
2.6290792285747764,2.1404531039986767,2.0,0.0,40816.5,52615.5,0,0.0,2,2,2
2.6238197579962934,2.127135691365678,2.0,0.0,45652.833333333336,71520.0,0,2.0,2,2,2
2.655752461967419,2.180780826683763,3.0,0.0,45652.833333333336,71520.0,0,2.0,2,2,2
2.666167170293942,2.204484761334738,5.0,2.469775946198685,73221.0,129650.0,0,3.0,2,2,2
2.6211335537754037,2.076246306225798,1.0,2.4018232728432043,22921.0,32294.5,0,1.0,2,2,2
2.6344780183306873,2.119360028471374,3.0,2.3234107621942104,45652.833333333336,71520.0,0,2.0,2,2,2
2.6826880340592774,2.1794557452479153,3.0,0.0,22921.0,32294.5,0,3.0,2,2,2
2.6318328908079858,2.1061698231712445,2.0,0.0,45652.833333333336,71520.0,0,2.0,2,2,2
2.6426077931894945,2.143896889685429,2.0,2.3291007857169737,45652.833333333336,71520.0,0,2.0,2,2,2
2.6386667018029435,2.1306785795025482,3.0,0.0,22921.0,32294.5,0,2.0,2,2,2
2.6463281693738856,2.1267674485238732,2.0,0.0,45652.833333333336,71520.0,0,2.0,2,2,2
2.597432944578047,2.014069852200787,1.0,0.0,45652.833333333336,71520.0,0,0.0,2,2,2
2.6484640678019935,2.1239264397393356,1.0,0.0,22921.0,32294.5,0,1.0,2,2,2
2.64985059515512,2.1426980184653157,2.0,0.0,45652.833333333336,71520.0,0,2.0,2,2,2
2.610918042212423,2.101327630139895,2.0,2.4093450282818294,45652.833333333336,71520.0,0,0.0,2,2,2
2.6018463899289084,2.094782365359537,2.0,0.0,45652.833333333336,71520.0,0,0.0,2,2,2
2.6903986651842637,2.1972261432992233,3.0,0.0,73221.0,129650.0,0,5.0,2,2,2
2.5928147961099333,2.1244554999871275,1.0,2.2531209847743163,39636.0,80886.5,0,2.0,4,1,2
2.604505074628267,2.072912406768814,1.0,2.2878580073643144,39636.0,80886.5,0,0.0,4,1,2
2.587868343379808,2.1119970843916103,2.0,2.36235025329959,42246.0,68728.0,0,1.0,4,2,2
2.6156482775346257,2.150756703343875,3.0,2.3890872825709972,39171.0,72728.0,0,1.0,4,1,2
2.571813777729968,2.0741145497784483,1.0,0.0,39171.0,72728.0,0,0.0,4,1,2
2.5959274336964664,2.072912406768814,1.0,0.0,39636.0,80886.5,0,0.0,4,1,2
2.5747562286304357,2.121085618436288,3.0,0.0,39171.0,72728.0,0,0.0,4,1,2
2.5773831449765825,2.104276934720701,2.0,2.3465480065720046,39777.0,42586.0,0,1.0,4,1,2
2.6252231754756408,2.1262497605917656,3.0,0.0,39636.0,80886.5,0,2.0,4,1,2
2.6052737697467774,2.128014312336542,2.0,0.0,49845.5,65099.0,0,0.0,4,1,2
2.6170056638688552,2.1471704169830814,3.0,0.0,39777.0,42586.0,0,2.0,4,1,2
2.5378703231331703,2.1426980184653157,2.0,0.0,43854.0,57361.0,0,0.0,4,1,2
2.6031474281958396,2.100200719217843,1.0,2.3243847159300817,74399.0,117882.0,0,2.0,4,2,2
2.6096825137258386,2.0996328668112922,1.0,0.0,39171.0,72728.0,0,1.0,4,2,2
2.6221793582274318,2.1922595038346877,3.0,0.0,33202.5,33233.5,0,0.0,4,1,2
2.596533565300542,2.1382916821868667,2.0,2.3234107621942104,39777.0,42586.0,0,0.0,4,1,2
2.5928147961099333,2.1519252521271723,3.0,0.0,33202.5,33233.5,0,0.0,4,1,2
2.55592563122135,2.10599096332429,1.0,0.0,39636.0,80886.5,0,0.0,4,1,2
2.598906445095949,2.109426584944646,2.0,0.0,49845.5,65099.0,0,1.0,4,1,2
2.60675333831392,2.0704686325376875,1.0,2.384372145030205,39171.0,72728.0,0,0.0,4,1,2
2.609307467348731,2.0843868372564978,1.0,0.0,39171.0,72728.0,0,1.0,4,1,2
2.5825451877824173,2.2023125828189127,3.0,2.36235025329959,43854.0,57361.0,0,0.0,4,1,2
2.617895778186638,2.160828694010215,2.0,0.0,26687.0,42473.0,0,0.0,4,1,2
2.6000630686586863,2.113677368009935,2.0,0.0,39171.0,72728.0,0,2.0,4,1,2
2.5944818399527416,2.0801649073944493,1.0,2.36235025329959,49845.5,65099.0,0,1.0,4,1,2
2.6604706021610975,2.2326798016753457,5.0,2.469775946198685,74399.0,117882.0,0,0.0,4,2,2
2.603421106031262,2.067970345786057,2.0,0.0,39171.0,72728.0,0,1.0,4,1,2
2.5673867853460552,2.133969245702144,2.0,0.0,43854.0,57361.0,0,0.0,4,1,2
2.587868343379808,2.1226305630422626,2.0,2.361720003744145,39636.0,80886.5,0,1.0,4,1,2
2.6215538144473256,2.1642893020280414,2.0,0.0,49845.5,65099.0,0,2.0,4,1,2
2.650397153581433,2.1667350522539133,2.0,0.0,74399.0,117882.0,0,2.0,4,2,2
2.610918042212423,2.1362875431745425,4.0,0.0,39171.0,72728.0,0,0.0,4,1,2
2.5806771513187536,2.07542212486118,1.0,0.0,39636.0,80886.5,0,1.0,4,1,2
2.559931128137099,2.0522742867027977,1.0,0.0,39777.0,42586.0,0,0.0,4,1,2
2.5375811075699963,2.1022579016374974,2.0,0.0,39777.0,42586.0,0,0.0,4,1,2
2.5747562286304357,2.172890968199372,2.0,2.3327011629175196,33202.5,33233.5,0,0.0,4,1,2
2.5991683766046907,2.14218910624994,2.0,2.3558304641281165,39171.0,72728.0,0,2.0,4,1,2
2.6003492269397652,2.0883484278650437,1.0,0.0,39171.0,72728.0,0,2.0,4,1,2
2.6271787703047464,2.1554103852619426,3.0,2.2509964439314443,39171.0,72728.0,0,1.0,4,1,2
2.5399035738549975,2.1226305630422626,2.0,0.0,43854.0,57361.0,0,0.0,4,1,2
2.6115275431069223,2.219383923297538,3.0,0.0,26687.0,42473.0,0,0.0,4,1,2
2.6271787703047464,2.1471704169830814,3.0,0.0,49845.5,65099.0,0,1.0,4,1,2
2.5965938882013755,2.182994494369974,3.0,2.36235025329959,39171.0,72728.0,0,0.0,4,1,2
2.603421106031262,2.091152060849253,3.0,2.2531209847743163,63466.0,83859.0,0,1.0,1,2,2
2.5378703231331703,2.0907411873032014,1.0,0.0,37771.375,49333.625,0,2.0,1,3,2
2.532155424976352,2.1217062758006473,2.0,0.0,28494.25,40454.5,0,0.0,1,3,2
2.643368743623046,2.126988546980439,2.0,0.0,61528.0,96446.0,0,2.0,1,3,2
2.598906445095949,2.115904972063651,2.0,0.0,39365.75,54204.25,0,2.0,1,3,2
2.5806771513187536,2.1046400375135943,2.0,2.3234107621942104,28494.25,40454.5,0,2.0,1,3,2
2.6281357025573913,2.1489191716674734,3.0,2.3234107621942104,55017.66666666666,114942.66666666669,0,2.0,1,2,2
2.5832787207877694,2.1263238701802942,2.0,0.0,34997.0,42741.66666666666,0,1.0,1,3,2
2.556024721719396,2.038403653368476,1.0,2.067970345786057,37771.375,49333.625,0,0.0,1,3,2
2.6089303575014307,2.152157397222908,3.0,0.0,41448.66666666666,50929.0,0,2.0,1,3,2
2.5767855414419634,2.072912406768814,1.0,0.0,38050.142857142855,60118.57142857143,0,1.0,1,2,2
2.5767855414419634,2.100200719217843,3.0,2.3000563597136088,39365.75,54204.25,0,2.0,1,3,2
2.6058364664333875,2.115413917357881,3.0,0.0,37771.375,49333.625,0,2.0,1,3,2
2.6544859353004306,2.180252867221869,3.0,0.0,61528.0,96446.0,0,2.0,1,3,2
2.6020417234998043,2.0782228619530008,2.0,0.0,39661.0,47024.0,0,1.0,1,3,2
2.6017345220330514,2.124229080823619,4.0,0.0,52896.25,79200.75,0,1.0,1,3,2
2.5861385010981603,2.133416300097137,2.0,0.0,63653.25,86964.5,0,2.0,1,3,1
2.6008896848400265,2.1387538858639608,2.0,0.0,63653.25,86964.5,0,2.0,1,3,1
2.673060211830219,2.1930786537675293,3.0,0.0,70665.0,114861.4,0,3.0,1,1,1
2.5682493828031636,2.1277222437862267,2.0,0.0,37590.25,43249.75,0,1.0,1,3,1
2.613300463399521,2.166835707133083,3.0,2.3558304641281165,22597.0,32393.0,0,2.0,1,3,1
2.6200713626555014,2.188427408980294,3.0,2.425597630354696,45453.6,77710.4,0,3.0,1,2,1
2.588886077287759,2.1371606803788974,1.0,0.0,37766.12557319224,50509.04047619048,0,0.0,1,3,1
2.5601841554606546,2.115002986312667,2.0,2.17752581681183,37590.25,43249.75,0,2.0,1,3,1
2.5747562286304357,2.0800516042679154,2.0,0.0,59952.0,90665.0,0,2.0,1,2,1
2.5759807915220994,2.0976217972027187,2.0,2.1979688386872795,44139.0,51723.5,0,2.0,1,3,1
2.664268071410667,2.224577620739823,4.0,2.379377841348507,60331.5,97830.0,0,3.0,1,3,1
2.624625276242069,2.1790994513441193,3.0,0.0,70665.0,114861.4,0,3.0,1,1,1
2.584364848864451,2.1606151841887873,2.0,2.2531209847743163,17899.0,30896.33333333333,0,2.0,1,3,1
2.6491609701786154,2.1974123350529844,4.0,0.0,70665.0,114861.4,0,2.0,1,1,1
2.6389931389479164,2.1799878543798057,4.0,0.0,45453.6,77710.4,0,3.0,1,2,1
2.5912046460526774,2.128958035012773,2.0,0.0,72497.0,82212.0,0,2.0,1,3,1
2.5660031722705665,2.0617376107948178,2.0,2.2720930397111068,21298.0,25405.0,0,1.0,1,3,1
2.6156482775346257,2.152389025929606,2.0,0.0,50182.66666666666,83849.0,0,3.0,1,2,1
2.61734082310851,2.1529658528050475,2.0,0.0,37766.12557319224,50509.04047619048,0,2.0,1,3,1
2.587868343379808,2.1022579016374974,2.0,2.2531209847743163,60331.5,97830.0,0,2.0,1,3,1
2.681349609219842,2.198005828990036,3.0,2.2294012669472845,70665.0,114861.4,0,4.0,1,1,1
2.713177438691144,2.239552905709629,5.0,0.0,70665.0,114861.4,0,4.0,1,1,1
2.531408786275378,2.0484369434843095,1.0,0.0,31263.666666666668,42635.0,0,1.0,1,2,1
2.5937633083840494,2.1472312083846674,3.0,2.1459471123541936,72497.0,82212.0,0,2.0,1,3,1
2.5840046705672366,2.1089050692105356,2.0,0.0,63653.25,86964.5,0,2.0,1,3,1
2.637767464180744,2.160133168255577,3.0,0.0,37766.12557319224,50509.04047619048,0,3.0,1,3,1
2.5715988559767298,2.057243691055654,1.0,0.0,63653.25,86964.5,0,1.0,1,3,1
2.6336078565795944,2.161094962330888,2.0,0.0,63653.25,86964.5,0,2.0,1,3,1
2.610623542258807,2.14873961721405,2.0,0.0,51532.6,74852.2,0,3.0,1,3,1
2.6038295957074085,2.1612012777882548,2.0,0.0,44139.0,51723.5,0,3.0,1,3,1
2.6024584426823534,2.1348616656200523,2.0,2.368410894537015,60437.6,101721.78,0,2.0,1,1,1
2.5806771513187536,2.127795336106316,3.0,2.2531209847743163,17757.0,31780.0,0,2.0,1,3,1
2.565065628758645,2.057936167064734,1.0,0.0,54709.5,71210.5,0,1.0,1,3,1
2.5694130964877173,2.0568261650231383,1.0,0.0,44011.6,50577.0,0,1.0,1,3,1
2.6281357025573913,2.1561940245281983,3.0,0.0,45453.6,77710.4,0,3.0,1,2,1
2.5570873533924794,2.069973409551305,1.0,0.0,21025.0,31311.0,0,2.0,1,3,1
2.6198569140199903,2.174163270219238,2.0,0.0,56690.5,95720.0,0,3.0,1,1,1
2.6242237170039373,2.2160192266142835,4.0,0.0,51532.6,74852.2,0,2.0,1,3,1
2.5660031722705665,2.092375547265548,2.0,0.0,45453.6,77710.4,0,0.0,1,2,1
2.5475134173620706,2.0597170298308587,1.0,2.1519252521271723,39959.0,51516.0,0,1.0,1,3,1
2.598906445095949,2.1511671875769824,2.0,2.294834295413988,56690.5,95720.0,0,2.0,1,1,1
2.709116315070299,2.2332242209098645,4.0,0.0,70665.0,114861.4,0,2.0,1,1,1
2.522655342297345,2.0586244347068976,1.0,0.0,27457.0,32523.33333333333,0,0.0,1,3,1
2.604773421689249,2.1291746328870933,2.0,0.0,51684.0,66680.0,0,0.0,3,1,2
2.6232092586766624,2.1285960550719913,2.0,2.3234107621942104,51684.0,66680.0,0,0.0,3,1,2
2.6264033212157774,2.115659724880597,2.0,2.2863969296232134,51684.0,66680.0,0,2.0,3,1,2
2.5747562286304357,2.129318786658012,2.0,0.0,33094.0,41663.0,0,0.0,3,1,2
2.6769774052767277,2.21715365176,4.0,0.0,53326.333333333336,84126.33333333333,0,11.0,3,1,2
2.6242035762783527,2.134175857870013,1.0,2.384855714133668,42256.2,49869.6,0,1.0,3,1,2
2.6469045183396442,2.148078597786263,3.0,0.0,42256.2,49869.6,0,1.0,3,1,2
2.66563020449565,2.1697125884097446,3.0,2.4093486230252963,53326.333333333336,84126.33333333333,0,3.0,3,1,2
2.635762413954781,2.160828694010215,4.0,2.444206106434803,53326.333333333336,84126.33333333333,0,11.0,3,1,2
2.635337015765198,2.096260229668164,2.0,0.0,39544.0,66214.0,0,2.0,3,1,2
2.647047824819556,2.144958072677249,2.0,2.36235025329959,51684.0,66680.0,0,2.0,3,1,2
2.6262080578326072,2.072912406768814,1.0,0.0,41595.0,52049.0,0,2.0,3,1,2
2.618752563214955,2.0995379367724865,2.0,0.0,33094.0,41663.0,0,1.0,3,1,2
2.710309444014196,2.25178806175337,6.0,0.0,51684.0,66680.0,0,0.0,3,1,2
2.64985059515512,2.1627830103340866,3.0,0.0,39544.0,66214.0,0,2.0,3,1,2
2.6215538144473256,2.0982962757534893,2.0,2.067970345786057,42256.2,49869.6,0,2.0,3,1,2
2.6401125151321168,2.1514594039567516,3.0,2.3243847159300817,33094.0,41663.0,0,2.0,3,1,2
2.618992280160462,2.162835319458644,2.0,2.4366040730349194,42256.2,49869.6,0,0.0,3,1,2
2.636855946126935,2.1391484534254914,2.0,2.526762946426977,39544.0,66214.0,0,2.0,3,1,2
2.625421304790889,2.0915614048472237,2.0,0.0,42256.2,49869.6,0,2.0,3,1,2
2.617895778186638,2.1390827946893953,1.0,2.393551793043435,42256.2,49869.6,0,1.0,3,1,2
2.6137953202144693,2.0547151639024506,1.0,0.0,53326.333333333336,84126.33333333333,0,1.0,3,1,2
2.637022604769401,2.167836869209439,3.0,0.0,53326.333333333336,84126.33333333333,0,3.0,3,1,2
2.657607566478811,2.160828694010215,3.0,0.0,42256.2,49869.6,0,0.0,3,1,2
2.647546967187971,2.1658246958058083,2.0,2.3234107621942104,53326.333333333336,84126.33333333333,0,2.0,3,1,2
2.6426077931894945,2.171746581862792,2.0,0.0,33094.0,41663.0,0,2.0,3,1,2
2.6222830561725363,2.128160046535533,1.0,2.3234107621942104,51684.0,66680.0,0,1.0,3,1,2
2.6271787703047464,2.115002986312667,2.0,0.0,51684.0,66680.0,0,2.0,3,1,2
2.6336953831766463,2.1016075467307176,2.0,0.0,33094.0,41663.0,0,2.0,3,1,2
2.6463281693738856,2.15186713491,2.0,2.36235025329959,51684.0,66680.0,0,2.0,3,1,2
2.645892591287636,2.1680359357696948,3.0,2.3623816450064177,39544.0,66214.0,0,2.0,3,1,2
2.630927484335126,2.1060804301011156,2.0,0.0,51684.0,66680.0,0,2.0,3,1,2
2.626985742465941,2.1116578645229955,2.0,0.0,51684.0,66680.0,0,1.0,3,1,2
2.6518639363811505,2.1453919269506527,3.0,0.0,39544.0,66214.0,0,2.0,3,1,2
2.636185123122503,2.1550727205353106,2.0,0.0,41595.0,52049.0,0,2.0,3,1,2
2.6261885003759673,2.105362622341881,2.0,2.425597630354696,53326.333333333336,84126.33333333333,0,2.0,3,1,2
2.5859280178726545,2.082184828309905,1.0,0.0,33094.0,41663.0,0,1.0,3,1,2
2.6318328908079858,2.091152060849253,2.0,0.0,51684.0,66680.0,0,2.0,3,1,2
2.6281357025573913,2.092578143634172,1.0,2.36235025329959,51684.0,66680.0,0,2.0,3,1,2
2.628514701277147,2.090535173545393,2.0,2.3224260569203197,42256.2,49869.6,0,2.0,3,1,2
2.6597417228498643,2.1243046072484626,2.0,0.0,33094.0,41663.0,0,2.0,3,1,2
2.6211335537754037,2.121007782628919,2.0,0.0,40166.25,52637.5,0,2.0,1,2,2
2.5791461839467082,2.1742568872937547,2.1284722222222223,0.0,40166.25,52637.5,0,3.0,1,2,2
2.5825451877824173,2.082184828309905,2.0,0.0,54428.0,77908.0,0,0.0,1,2,2
2.6096825137258386,2.172890968199372,3.0,0.0,52823.25,84272.75,0,1.0,1,2,2
2.531408786275378,2.116149661334103,2.1284722222222223,0.0,32809.5,38249.5,0,0.0,1,2,2
2.3234107621942104,2.1262497605917656,6.0,0.0,32809.5,38249.5,0,0.0,1,2,2
2.4995872533421895,2.120147834218362,1.0,2.1519252521271723,32809.5,38249.5,0,0.0,1,2,2
2.526762946426977,2.0270520851482137,1.0,2.1575788237414684,39735.0,57757.5,0,0.0,1,2,2
2.583642634087427,2.0790266416427854,1.0,0.0,43754.0,81903.0,0,0.0,1,2,2
2.621344009844793,2.1426980184653157,3.0,0.0,52823.25,84272.75,0,2.0,1,2,2
2.5878341623968697,2.1967029546804206,2.0,2.2551990897110383,52823.25,84272.75,0,0.0,1,2,2
2.5787581879384502,2.118087376852356,1.0,0.0,52823.25,84272.75,0,0.0,1,2,2
2.6031474281958396,2.11679945677425,2.0,0.0,54428.0,77908.0,0,0.0,1,2,2
2.591853179134731,2.135746617737867,2.0,2.3565050293398513,43754.0,81903.0,0,1.0,1,2,2
2.4822544299903537,2.077645156350333,1.0,0.0,39735.0,57757.5,0,0.0,1,2,2
2.604505074628267,2.100577651859118,3.0,0.0,43754.0,81903.0,0,1.0,1,2,2
2.5948537977119215,2.125655021547276,3.0,0.0,40166.25,52637.5,0,1.0,1,2,2
2.6221793582274318,2.144958072677249,3.0,0.0,54428.0,77908.0,0,2.0,1,2,2
2.604370507841936,2.1595409695123475,2.1284722222222223,0.0,43952.66666666666,65454.708333333336,0,0.0,1,2,2
2.532155424976352,2.092982218491599,1.0,0.0,32809.5,38249.5,0,1.0,1,2,2
2.5934485723637017,2.1549034755746628,2.0,2.36235025329959,43754.0,81903.0,0,0.0,1,2,2
2.6121316607974876,2.1692222939307104,2.0,2.3998351602840042,43754.0,81903.0,0,0.0,1,2,2
2.5908781024862124,2.127941370315992,2.0,2.3234107621942104,40166.25,52637.5,0,2.0,1,2,2
2.5895564223493652,2.2029129161604684,2.1284722222222223,0.0,39735.0,57757.5,0,0.0,1,2,2
2.5806771513187536,2.113176026085734,2.1284722222222223,0.0,32809.5,38249.5,0,0.0,1,2,2
2.425597630354696,2.1692222939307104,2.1284722222222223,0.0,39735.0,57757.5,0,1.0,1,2,2
2.6366721401251243,2.149693692607091,3.0,0.0,52823.25,84272.75,0,2.0,1,2,2
2.5806771513187536,2.103363835503938,2.1284722222222223,0.0,32809.5,38249.5,0,0.0,1,2,2
2.5895564223493652,2.150756703343875,2.1284722222222223,0.0,40166.25,52637.5,0,0.0,1,2,2
2.5895564223493652,2.100483540766043,1.0,2.2878580073643144,52823.25,84272.75,0,0.0,1,2,2
2.6066231031218963,2.1637205383507694,2.0,2.4610117348396496,43754.0,81903.0,0,0.0,1,2,2
2.6022920569271024,2.1283782742043895,2.0,0.0,40166.25,52637.5,0,0.0,1,2,2
2.6474616669599516,2.119360028471374,3.0,0.0,52823.25,84272.75,0,2.0,1,2,2
2.6003492269397652,2.115986597024682,3.0,2.3234107621942104,40166.25,52637.5,0,2.0,1,2,2
2.5912030171337292,2.116961293716228,3.0,0.0,40166.25,52637.5,0,2.0,1,2,2
2.6716138109256464,2.2473393442630423,4.0,0.0,52823.25,84272.75,0,2.0,1,2,2
2.6426077931894945,2.1700544045446293,3.0,0.0,40166.25,52637.5,1,2.0,1,2,2
2.5912046460526774,2.1820021529066342,3.0,0.0,32809.5,38249.5,1,0.0,1,2,2
2.5428511713577193,2.1130083926994434,1.0,0.0,32809.5,38249.5,0,0.0,1,2,2
2.6441210720806225,2.1771626859,4.0,2.412863620384798,54428.0,77908.0,0,2.0,1,2,2
2.544438676214117,2.1444600300271968,2.0,0.0,40166.25,52637.5,0,0.0,1,2,2
2.584364848864451,2.1263979282656003,2.0,0.0,52823.25,84272.75,0,0.0,1,2,2
2.6290792285747764,2.1641861237279363,3.0,0.0,40166.25,52637.5,0,2.0,1,2,2
2.6262080578326072,2.1606151841887873,2.0,0.0,35339.0,42598.6,0,1.0,2,2,2
2.6441210720806225,2.1778876568366545,3.0,0.0,35339.0,42598.6,0,4.0,2,2,2
2.6441210720806225,2.1514594039567516,4.0,0.0,35339.0,42598.6,0,0.0,2,2,2
2.7628622185611365,2.275880616439548,7.0,0.0,74505.33333333333,114096.33333333331,0,2.0,2,2,2
2.656995011291491,2.2033695628198258,3.0,0.0,35339.0,42598.6,0,0.0,2,2,2
2.6533248066866832,2.2257572714936917,3.0,0.0,28679.75,37689.5,0,2.0,2,2,2
2.6144960919459708,2.0591720512942193,1.0,0.0,41289.0,38351.0,0,0.0,2,2,2
2.630927484335126,2.119280928553949,2.0,0.0,28679.75,37689.5,0,2.0,2,2,2
2.616556201697194,2.0939859450838263,2.0,0.0,38698.66666666666,41232.333333333336,0,0.0,2,2,2
2.6544859353004306,2.20217080011276,3.0,0.0,31715.0,45988.66666666666,0,0.0,2,2,2
2.6929155549571155,2.236602822569647,4.0,0.0,74505.33333333333,114096.33333333331,0,0.0,2,2,2
2.652407319951614,2.1834229336433473,3.0,2.36235025329959,28679.75,37689.5,0,0.0,2,2,2
2.6386667018029435,2.172890968199372,2.0,0.0,35339.0,42598.6,0,0.0,2,2,2
2.755684248962421,2.2085918504575415,5.0,2.5591666496574947,74505.33333333333,114096.33333333331,0,2.0,2,2,2
2.617895778186638,2.1304650294995247,2.0,0.0,40176.333333333336,68439.33333333333,0,2.0,2,2,2
2.7186010757891275,2.2055190119998707,4.0,0.0,74505.33333333333,114096.33333333331,0,2.0,2,2,2
2.7144909993656685,2.2521071222017826,2.0,0.0,74505.33333333333,114096.33333333331,0,2.0,2,2,2
2.633957278974644,2.1662302940684532,2.0,0.0,28679.75,37689.5,0,2.0,2,2,2
2.7628622185611365,2.281108679503318,5.0,0.0,74505.33333333333,114096.33333333331,0,2.0,2,2,2
2.6336078565795944,2.1795890340473822,3.0,0.0,40176.333333333336,68439.33333333333,0,0.0,2,2,2
2.6456006064526782,2.151108645848012,2.0,2.3234107621942104,74505.33333333333,114096.33333333331,0,2.0,2,2,2
2.5928151144447478,2.1226305630422626,2.0,0.0,28679.75,37689.5,0,1.0,2,2,2
2.6441210720806225,2.1522153527254395,3.0,2.469775946198685,38698.66666666666,41232.333333333336,0,2.0,2,2,2
2.658214447961229,2.1839346790243797,3.0,0.0,40176.333333333336,68439.33333333333,0,0.0,2,2,2
2.6017625060090213,2.159971995543026,2.0,0.0,28679.75,37689.5,0,0.0,2,2,2
2.637022604769401,2.1486197425317033,2.0,0.0,28679.75,37689.5,0,0.0,2,2,2
2.675132418639063,2.1985590464426794,3.0,0.0,40176.333333333336,68439.33333333333,0,0.0,2,2,2
2.6121316607974876,2.0822959746673395,1.0,0.0,41289.0,38351.0,0,0.0,2,2,2
2.6144960919459708,2.1130083926994434,1.0,0.0,28679.75,37689.5,0,0.0,2,2,2
2.6156482775346257,2.1554665561147206,2.0,0.0,41289.0,38351.0,0,2.0,2,2,2
2.6604706021610975,2.1752347165878025,2.0,0.0,28679.75,37689.5,0,2.0,2,2,2
2.6200713626555014,2.174723689078444,2.0,0.0,28679.75,37689.5,0,0.0,2,2,2
2.6402712413808804,2.213552377011431,4.0,0.0,28679.75,37689.5,0,0.0,2,2,2
2.6371888486105326,2.1236988947441167,2.0,0.0,74505.33333333333,114096.33333333331,0,1.0,2,2,2
2.6058364664333875,2.1576338327846942,2.0,0.0,31715.0,45988.66666666666,0,5.0,2,2,2
2.610918042212423,2.0979113692514244,1.0,0.0,28679.75,37689.5,0,1.0,2,2,2
2.6594115912035496,2.2051410363843895,3.0,2.2551990897110383,31715.0,45988.66666666666,0,2.0,2,2,2
2.6211335537754037,2.1212411204924,2.0,0.0,31715.0,45988.66666666666,0,1.0,2,2,2
2.636185123122503,2.1419337226644912,2.0,0.0,35339.0,42598.6,0,1.0,2,2,2
2.587868343379808,2.0393824002626744,1.0,0.0,41289.0,38351.0,0,0.0,2,2,2
2.5260401806625277,2.0633284326534964,1.0,0.0,49594.75,71137.75,0,1.0,1,1,2
2.558652438006258,2.0853636241521643,1.0,2.3234107621942104,48736.0,65975.0,0,0.0,1,1,2
2.55548746716403,2.076480671432496,1.0,0.0,35884.25,39176.75,0,0.0,1,1,2
2.6003492269397652,2.1182472861954174,3.0,0.0,48736.0,65975.0,0,0.0,1,1,2
2.6096825137258386,2.171458473562204,3.0,0.0,34978.71428571428,55936.71428571428,0,2.0,1,1,2
2.6181164983114953,2.165213283993333,2.1284722222222223,0.0,34978.71428571428,55936.71428571428,0,2.0,1,1,2
2.515105316329897,2.074472683462615,1.0,0.0,35884.25,39176.75,0,0.0,1,1,2
2.590385401928209,2.104458637781109,2.0,0.0,41979.0,61619.0,0,1.0,1,2,2
2.590220391982479,2.126545890198951,2.0,2.2531209847743163,46211.0,71926.0,0,2.0,1,1,2
2.6031474281958396,2.1307496674781037,2.0,0.0,32340.5,45776.0,0,2.0,1,1,2
2.6121316607974876,2.136152571259176,3.0,0.0,41979.0,61619.0,0,0.0,1,2,2
2.6281357025573913,2.1602940901054724,3.0,0.0,44916.0,67514.5,0,2.0,1,1,2
2.5726670138524446,2.0760114470383244,2.0,0.0,49594.75,71137.75,0,0.0,1,1,2
2.6211335537754037,2.164649614275526,2.0,0.0,43813.5,89711.5,0,0.0,1,1,2
2.618992280160462,2.2015302676211563,3.0,0.0,46211.0,71926.0,1,2.0,1,1,2
2.6402712413808804,2.1835938030489683,4.0,0.0,43813.5,89711.5,0,2.0,1,1,2
2.6013770097652045,2.1445847626933445,2.0,0.0,41979.0,61619.0,0,2.0,1,2,2
2.5747562286304357,2.1133433992548434,3.0,0.0,46211.0,71926.0,0,0.0,1,1,2
2.594388538581778,2.1068823280938007,3.0,0.0,67313.0,84335.0,0,0.0,1,1,2
2.6017625060090213,2.1244554999871275,2.0,0.0,50760.5,66246.5,0,0.0,1,1,2
2.650533088605779,2.187487236343277,2.0,2.3234107621942104,45579.0,63441.0,0,2.0,1,2,1
2.609432711001139,2.098679831078209,3.0,0.0,39618.0,58394.0,0,0.0,1,2,1
2.6242237170039373,2.1538821752134556,2.0,2.181958786434122,33413.0,42579.0,0,0.0,1,3,1
2.6318328908079858,2.1556909361001466,2.0,2.393115895539352,46455.0,60873.16666666666,0,0.0,1,2,1
2.7005442450808035,2.2534565511521922,4.0,0.0,38763.0,46213.5,0,0.0,1,3,1
2.6984316581546484,2.2297234299031823,4.0,0.0,46455.0,60873.16666666666,0,0.0,1,2,1
2.637022604769401,2.1045493755030966,2.0,0.0,85173.5,150942.0,0,0.0,1,3,1
2.6477597376813042,2.0299077797724374,1.0,0.0,38763.0,46213.5,0,0.0,1,3,1
2.6441210720806225,2.1280872043879997,2.0,0.0,49828.0,71475.0,0,0.0,1,2,1
2.724826432174179,2.177480496223225,2.0,0.0,72936.0,107729.5,0,0.0,1,3,1
2.6426077931894945,2.1126723421867886,2.0,0.0,50695.66666666666,87219.33333333333,0,0.0,1,3,1
2.720818230483328,2.2402765214215843,3.0,0.0,46455.0,60873.16666666666,0,0.0,1,2,1
2.782760808577901,2.263442223295083,5.0,0.0,55566.0,81094.5,0,0.0,1,3,1
2.684644601625698,2.1564724676880376,2.0,0.0,85173.5,150942.0,0,0.0,1,3,1
2.618992280160462,2.123242345467134,3.0,2.4093450282818294,27885.33333333333,37473.333333333336,0,0.0,2,2,2
2.6096825137258386,2.1163937951035634,2.0,0.0,27885.33333333333,37473.333333333336,0,0.0,2,2,2
2.6156482775346257,2.1077664249650536,2.0,2.313039352423886,43201.8,58098.8,0,1.0,2,2,2
2.5959274336964664,2.0682226935789534,2.0,0.0,27885.33333333333,37473.333333333336,0,0.0,2,2,2
2.6144960919459708,2.1388197498110917,4.0,0.0,66660.5,107576.0,0,0.0,2,2,2
2.6055722413317675,2.074829671570407,2.0,0.0,49684.66666666666,68449.33333333333,0,0.0,2,2,2
2.6388289050998015,2.093284301610178,1.0,0.0,43201.8,58098.8,0,0.0,2,2,2
2.6144960919459708,2.0943848783402914,2.0,0.0,27885.33333333333,37473.333333333336,0,0.0,2,2,2
2.594388538581778,2.104367824227211,2.0,0.0,29102.5,36300.0,0,1.0,2,2,2
2.612371821106736,2.1035470697965097,2.0,2.3234107621942104,44768.684166666666,60620.3275,0,0.0,2,2,2
2.64985059515512,2.2184858605326543,3.0,2.425597630354696,49684.66666666666,68449.33333333333,0,2.0,2,2,2
2.528344252312476,2.1045493755030966,2.0,0.0,33704.0,36575.5,0,0.0,2,2,2
2.6079144740144087,2.099822479512906,2.0,0.0,33704.0,36575.5,0,0.0,2,2,2
2.6512018712201746,2.1519252521271723,3.0,0.0,29102.5,36300.0,0,0.0,2,2,2
2.6539595183437696,2.183679129723806,3.0,2.356168403719098,66660.5,107576.0,0,2.0,2,2,2
2.541228329571344,2.049334012932915,1.0,0.0,33280.666666666664,44296.333333333336,0,0.0,2,2,2
2.629917236773502,2.1122508015139982,2.0,0.0,43921.5,60655.5,0,0.0,2,2,2
2.56363582933001,2.099442924092907,1.0,0.0,33280.666666666664,44296.333333333336,0,0.0,2,2,2
2.6090562914150324,2.118167361300938,2.0,0.0,43201.8,58098.8,0,0.0,2,2,2
2.6456006064526782,2.1594869647435417,3.0,0.0,52569.5,68372.5,0,2.0,2,2,2
2.671797923132022,2.1379602916511287,2.0,0.0,57034.0,69756.0,0,0.0,2,2,2
2.6183365041284774,2.1388197498110917,2.0,0.0,29102.5,36300.0,0,0.0,2,2,2
2.626500741370166,2.11606816008506,2.0,0.0,43201.8,58098.8,0,1.0,2,2,2
2.6551222517116724,2.152157397222908,3.0,2.3890872825709972,57034.0,69756.0,0,0.0,2,2,2
2.7186010757891275,2.2104364979348037,5.0,0.0,73547.0,95870.0,0,0.0,2,2,2
2.6271787703047464,2.113677368009935,2.0,0.0,41120.5,62737.0,0,0.0,2,2,2
2.5943574102694553,2.099822479512906,1.0,2.3872327996109903,23853.5,31114.5,0,1.0,2,2,2
2.61067271365813,2.1226305630422626,1.0,0.0,40865.8,38044.0,0,0.0,2,2,2
2.617895778186638,2.107678339122222,2.0,0.0,23853.5,31114.5,0,0.0,2,2,2
2.6768868539411543,2.19362106350913,5.0,0.0,57034.0,69756.0,0,0.0,2,2,2
2.6484640678019935,2.1686802486741037,2.0,0.0,57034.0,69756.0,0,0.0,2,2,2
2.657607566478811,2.1761573474458444,4.0,2.3888576972426643,27885.33333333333,37473.333333333336,0,1.0,2,2,2
2.6402712413808804,2.120773935149016,2.0,0.0,27885.33333333333,37473.333333333336,0,0.0,2,2,2
2.6200713626555014,2.155129074291274,3.0,2.3234107621942104,23853.5,31114.5,0,1.0,2,2,2
2.6441210720806225,2.144958072677249,3.0,0.0,66660.5,107576.0,0,1.0,2,2,2
2.674203901899162,2.1790994513441193,3.0,0.0,29102.5,36300.0,0,2.0,2,2,2
2.6200713626555014,2.134793284587648,3.0,0.0,23853.5,31114.5,0,1.0,2,2,2
2.6274672795916376,2.173646836403321,3.0,0.0,43201.8,58098.8,0,0.0,2,2,2
2.6296204730346697,2.173646836403321,3.0,0.0,66660.5,107576.0,0,0.0,2,2,2
2.594076626352433,2.036587408288116,1.0,0.0,49684.66666666666,68449.33333333333,0,0.0,2,2,2
2.6106473947984474,2.100483540766043,1.0,0.0,43201.8,58098.8,1,0.0,2,2,2
2.651208592109637,2.1528507429054087,4.0,2.4258918379756103,40865.8,38044.0,0,0.0,2,2,2
2.6722766087807175,2.160935283703621,2.0,0.0,39938.2,53494.0,0,2.0,3,2,2
2.657607566478811,2.1751419926993703,3.0,0.0,50483.0,93946.66666666669,0,2.0,3,2,2
2.6680123551253567,2.1994378692728556,3.0,0.0,47258.0,64951.0,0,6.0,3,2,2
2.6531814746368543,2.198779478381844,3.0,2.3234107621942104,45713.0,65210.0,0,2.0,3,2,2
2.651877243116559,2.166885997628051,3.0,0.0,41877.5,57646.5,0,2.0,3,2,2
2.64985059515512,2.1298934541650003,2.0,2.2531209847743163,41877.5,57646.5,0,2.0,3,2,2
2.6349088952105157,2.0897072397989382,2.0,2.2720930397111068,45713.0,65210.0,0,2.0,3,2,2
2.6456006064526782,2.14218910624994,2.0,1.945047123513961,47258.0,64951.0,0,2.0,3,2,2
2.6418380272022777,2.105362622341881,2.0,0.0,45713.0,65210.0,0,2.0,3,2,2
2.6252231754756408,2.1130083926994434,2.0,2.326726846627376,50483.0,93946.66666666669,0,2.0,3,2,2
2.6544859353004306,2.1682346170615867,2.1284722222222223,2.3890872825709972,39938.2,53494.0,0,0.0,3,2,2
2.6385041030392986,2.131033544205444,3.0,2.393551793043435,50483.0,93946.66666666669,0,1.0,3,2,2
2.67962760560916,2.186206023617281,3.0,0.0,39938.2,53494.0,0,3.0,3,2,2
2.662764241731439,2.17779731737218,3.0,0.0,47258.0,64951.0,1,3.0,3,2,2
2.637022604769401,2.105722119594759,3.0,0.0,41877.5,57646.5,0,1.0,3,2,2
2.6386667018029435,2.0915614048472237,1.0,0.0,50483.0,93946.66666666669,0,0.0,3,2,2
2.6605872178988217,2.025597515002669,1.0,0.0,50483.0,93946.66666666669,1,0.0,3,2,2
2.6544859353004306,2.172272682399008,3.0,0.0,45713.0,65210.0,0,2.0,3,2,2
2.647047824819556,2.111742769471112,2.0,0.0,41877.5,57646.5,0,2.0,3,2,2
2.6531945177344887,2.122936891955039,2.0,0.0,50483.0,93946.66666666669,0,2.0,3,2,2
2.698962477513686,2.204934259753969,4.0,2.4093450282818294,45893.06666666667,70797.22222222223,0,3.0,3,2,2
2.6623119173009995,2.1297500784221026,3.0,0.0,50483.0,93946.66666666669,0,5.0,3,2,2
2.6463281693738856,2.1649062104513788,2.0,0.0,47258.0,64951.0,0,2.0,3,2,2
2.643368743623046,2.1593247810779848,3.0,2.3224260569203197,49484.0,72059.5,0,2.0,3,2,2
2.52176308375579,1.757131886054717,0.0,2.3888576972426643,45713.0,65210.0,0,0.0,3,2,2
2.6003492269397652,2.0870790970232016,1.0,0.0,39938.2,53494.0,0,1.0,3,2,2
2.656995011291491,2.1688776876115803,2.0,2.36235025329959,49484.0,72059.5,0,2.0,3,2,2
2.67031004149751,2.152041389360816,3.0,0.0,45713.0,65210.0,0,4.0,3,2,2
2.6456006064526782,2.1579084407809765,3.0,2.3234988549386033,45713.0,65210.0,0,2.0,3,2,2
2.6344780183306873,2.182822609897471,3.0,0.0,49484.0,72059.5,0,2.0,3,2,2
2.6402712413808804,2.124077867502946,2.0,0.0,49484.0,72059.5,0,3.0,3,2,2
2.6504583590123896,2.1444600300271968,2.0,0.0,47258.0,64951.0,1,3.0,3,2,2
2.6252033305345015,2.0863318542781917,1.0,2.36235025329959,47258.0,64951.0,0,0.0,3,2,2
2.643368743623046,2.126988546980439,2.0,2.2531209847743163,39938.2,53494.0,0,2.0,3,2,2
2.6271787703047464,2.076714544629806,2.0,0.0,45713.0,65210.0,0,0.0,3,2,2
2.6318238969189873,2.0781075605693604,1.0,0.0,45713.0,65210.0,0,4.0,3,2,2
2.5504632044910513,2.0164678395268,2.0,0.0,50483.0,93946.66666666669,0,0.0,3,2,2
2.636185123122503,2.1471704169830814,2.1284722222222223,0.0,45893.06666666667,70797.22222222223,0,0.0,3,2,2
2.640587563296075,2.147897591678217,3.0,2.4056695902475114,39938.2,53494.0,0,2.0,3,2,2
2.649506683122069,2.161148133737725,2.0,2.389544579342274,50483.0,93946.66666666669,0,3.0,3,2,2
2.644864965901993,2.144335148798696,2.0,0.0,45713.0,65210.0,0,1.0,3,2,2
2.6413718531848764,2.1609885373407667,4.0,0.0,49240.0,92373.0,0,2.0,1,2,1
2.6290792285747764,2.150462507661372,3.0,0.0,48164.36398809524,70294.55773809523,0,2.0,1,2,1
2.604773421689249,2.093183699582886,1.0,0.0,42813.0,70646.33333333333,0,0.0,1,2,1
2.630927484335126,2.185454565081057,3.0,0.0,50612.75,86206.5,0,2.0,1,2,1
2.666274033259443,2.2155865474554908,3.0,0.0,48164.36398809524,70294.55773809523,0,4.0,1,2,1
2.6378497156657295,2.1730331200406052,3.0,0.0,48164.36398809524,70294.55773809523,0,2.0,1,2,1
2.6426077931894945,2.163148618254858,4.0,2.3234107621942104,74039.0,105645.0,0,2.0,1,2,1
2.6594115912035496,2.1850767298486766,4.0,0.0,56250.42857142857,79899.42857142857,0,2.0,1,2,1
2.6220755012594372,2.0770644361921633,1.0,2.2531209847743163,49791.0,56895.0,0,0.0,1,2,1
2.6711078802398447,2.152041389360816,2.0,0.0,50612.75,86206.5,0,1.0,1,2,1
2.617229286701713,2.134930002465673,2.0,0.0,50612.75,86206.5,0,2.0,1,2,1
2.6638815102405204,2.1762032605116577,3.0,0.0,50612.75,86206.5,0,2.0,1,2,1
2.6318328908079858,2.1442101186701965,2.0,0.0,39089.333333333336,55609.0,0,2.0,1,2,1
2.6402712413808804,2.153653850359465,3.0,2.4056695902475114,56250.42857142857,79899.42857142857,0,2.0,1,2,1
2.625815827643958,2.1558029444745577,3.0,0.0,59553.0,80419.0,0,2.0,1,2,1
2.64985059515512,2.153195691274137,3.0,2.36235025329959,50612.75,86206.5,0,2.0,1,2,1
2.641059245567457,2.126175599431746,3.0,0.0,74039.0,105645.0,0,2.0,1,2,1
2.637022604769401,2.1099455986981406,1.0,2.3234107621942104,56250.42857142857,79899.42857142857,0,1.0,1,2,1
2.6615012358811168,2.1815240985093376,3.0,2.4606323437641686,59553.0,80419.0,0,3.0,1,2,1
2.618992280160462,2.12092989019761,1.0,2.2531209847743163,42813.0,70646.33333333333,0,2.0,1,2,1
2.6787621618768998,2.188468087843546,3.0,2.469775946198685,39089.333333333336,55609.0,0,2.0,1,2,1
2.6182265902285367,2.160454761836396,3.0,0.0,60091.333333333336,89939.66666666667,0,2.0,1,2,1
2.6221793582274318,2.151225696441457,2.0,0.0,50612.75,86206.5,0,2.0,1,2,1
2.6400648233959267,2.181262388626436,4.0,2.3234107621942104,49240.0,92373.0,0,2.0,1,2,1
2.6221793582274318,2.0907411873032014,2.0,0.0,50612.75,86206.5,0,1.0,1,2,1
2.6156482775346257,2.1122508015139982,2.0,0.0,48164.36398809524,70294.55773809523,0,2.0,1,2,1
2.6198569140199903,2.1424438705649336,2.0,0.0,48164.36398809524,70294.55773809523,0,2.0,1,2,1
2.610918042212423,2.1123352415059933,2.0,0.0,49791.0,56895.0,0,2.0,1,2,1
2.6418380272022777,2.1519833369326284,3.0,0.0,74039.0,105645.0,0,2.0,1,2,1
2.5694130964877173,1.9976363861196942,1.0,2.17752581681183,42813.0,70646.33333333333,0,1.0,1,2,1
2.7308639373361103,2.28432681886371,6.0,0.0,48164.36398809524,70294.55773809523,0,2.0,1,2,1
2.6336078565795944,2.1571376970956027,3.0,2.389544579342274,49240.0,92373.0,0,2.0,1,2,1
2.632726245905294,2.100953286004641,2.0,2.361720003744145,50612.75,86206.5,0,1.0,1,2,1
2.64985059515512,2.1704922136176172,4.0,0.0,74039.0,105645.0,0,2.0,1,2,1
2.5487077723404084,2.161678347623898,2.0,0.0,32922.5,38341.5,0,0.0,1,2,1
2.350236310074246,2.1396069221994747,2.0,0.0,55144.69444444444,63721.11111111112,0,0.0,1,2,1
2.4474158622604283,2.1226305630422626,1.0,0.0,32922.5,38341.5,0,0.0,1,2,1
2.486527407269147,2.079938185422248,1.0,0.0,67525.0,80217.5,0,0.0,1,2,1
2.496361340346058,2.1206177526605883,2.0,0.0,61603.0,55951.0,0,1.0,1,2,1
2.296035552906839,2.1522732759879557,2.0,0.0,55144.69444444444,63721.11111111112,0,0.0,1,2,1
2.5467264131038636,2.1046400375135943,2.0,2.450717102575204,54425.66666666666,67775.66666666667,0,2.0,1,2,1
2.357838586100906,2.0955730403529254,1.0,0.0,55144.69444444444,63721.11111111112,0,0.0,1,2,1
2.4878112434461443,2.0545730247502716,2.0,0.0,72521.0,103147.0,0,3.0,1,2,1
2.3712877070109015,2.0393824002626744,1.0,0.0,67525.0,80217.5,0,0.0,1,2,1
2.519197424204011,2.1881013857486145,0.0,0.0,55144.69444444444,63721.11111111112,0,0.0,1,2,1
2.397790102345687,2.1396069221994747,1.0,0.0,39729.0,47375.0,0,0.0,1,2,1
2.4178741454028865,2.0393824002626744,1.0,0.0,55144.69444444444,63721.11111111112,0,0.0,1,2,1
2.454505476845343,2.1519252521271723,2.0,0.0,72521.0,103147.0,0,0.0,1,2,1
2.5146364894305377,2.105362622341881,2.0,0.0,50019.0,59256.0,0,0.0,1,2,1
2.538213144957047,2.163875967350055,2.0,0.0,72521.0,103147.0,0,0.0,1,2,1
2.4247085614847737,2.077645156350333,2.0,0.0,55144.69444444444,63721.11111111112,0,0.0,1,2,1
2.2784030606818826,2.0243097003224575,1.0,0.0,32922.5,38341.5,0,0.0,1,2,1
2.516494416320413,2.071207385110273,1.0,0.0,55144.69444444444,63721.11111111112,0,0.0,1,2,1
2.5026816120238125,2.210338545141025,2.0,0.0,32922.5,38341.5,0,2.0,1,2,1
2.5259594360798507,2.092172576524108,1.0,0.0,72521.0,103147.0,0,1.0,1,2,1
2.4247085614847737,2.0664442328678336,1.0,0.0,55144.69444444444,63721.11111111112,0,0.0,1,2,1
2.564710851934858,2.115495915609207,1.0,0.0,72521.0,103147.0,0,0.0,1,2,1
2.538213144957047,2.2255056878992434,2.0,0.0,32922.5,38341.5,0,0.0,1,2,1
